0000000000000000500000000
0000000000000001500000001
00000000ffffffff500000000
0000000080000000500000000
000000007fffffff500000001
0000000100000000500000000
0000000100000001500000000
00000001ffffffff500000000
0000000180000000500000000
000000017fffffff500000001
ffffffff00000000500000001
ffffffff00000001500000001
ffffffffffffffff500000000
ffffffff80000000500000000
ffffffff7fffffff500000001
8000000000000000500000001
8000000000000001500000001
80000000ffffffff500000001
8000000080000000500000000
800000007fffffff500000001
7fffffff00000000500000000
7fffffff00000001500000000
7fffffffffffffff500000000
7fffffff80000000500000000
7fffffff7fffffff500000000
0000000000000000600000000
0000000000000001600000001
00000000ffffffff600000001
0000000080000000600000001
000000007fffffff600000001
0000000100000000600000000
0000000100000001600000000
00000001ffffffff600000001
0000000180000000600000001
000000017fffffff600000001
ffffffff00000000600000000
ffffffff00000001600000000
ffffffffffffffff600000000
ffffffff80000000600000000
ffffffff7fffffff600000000
8000000000000000600000000
8000000000000001600000000
80000000ffffffff600000001
8000000080000000600000000
800000007fffffff600000000
7fffffff00000000600000000
7fffffff00000001600000000
7fffffffffffffff600000001
7fffffff80000000600000001
7fffffff7fffffff600000000
0000000000000000700000000
0000000000000001700000000
00000000ffffffff700000000
0000000080000000700000000
000000007fffffff700000000
0000000100000000700000001
0000000100000001700000000
00000001ffffffff700000000
0000000180000000700000001
000000017fffffff700000000
ffffffff000000007ffffffff
ffffffff0000000177fffffff
ffffffffffffffff700000001
ffffffff800000007ffffffff
ffffffff7fffffff700000001
8000000000000000780000000
8000000000000001740000000
80000000ffffffff700000001
8000000080000000780000000
800000007fffffff700000001
7fffffff0000000077fffffff
7fffffff0000000173fffffff
7fffffffffffffff700000000
7fffffff8000000077fffffff
7fffffff7fffffff700000000
0000000000000000700000000
0000000000000001700000000
000000000000001f700000000
0000000100000000700000001
0000000100000001700000000
000000010000001f700000000
ffffffff000000007ffffffff
ffffffff0000000177fffffff
ffffffff0000001f700000001
8000000000000000780000000
8000000000000001740000000
800000000000001f700000001
7fffffff0000000077fffffff
7fffffff0000000173fffffff
7fffffff0000001f700000000
0000000000000000800000000
0000000000000001800000000
00000000ffffffff800000000
0000000080000000800000000
000000007fffffff800000000
0000000100000000800000001
0000000100000001800000000
00000001ffffffff800000000
0000000180000000800000001
000000017fffffff800000000
ffffffff000000008ffffffff
ffffffff000000018ffffffff
ffffffffffffffff8ffffffff
ffffffff800000008ffffffff
ffffffff7fffffff8ffffffff
8000000000000000880000000
80000000000000018c0000000
80000000ffffffff8ffffffff
8000000080000000880000000
800000007fffffff8ffffffff
7fffffff0000000087fffffff
7fffffff0000000183fffffff
7fffffffffffffff800000000
7fffffff8000000087fffffff
7fffffff7fffffff800000000
0000000000000000800000000
0000000000000001800000000
000000000000001f800000000
0000000100000000800000001
0000000100000001800000000
000000010000001f800000000
ffffffff000000008ffffffff
ffffffff000000018ffffffff
ffffffff0000001f8ffffffff
8000000000000000880000000
80000000000000018c0000000
800000000000001f8ffffffff
7fffffff0000000087fffffff
7fffffff0000000183fffffff
7fffffff0000001f800000000
0000000000000000900000000
0000000000000001900000000
00000000ffffffff900000000
0000000080000000900000000
000000007fffffff900000000
0000000100000000900000001
0000000100000001900000002
00000001ffffffff980000000
0000000180000000900000001
000000017fffffff980000000
ffffffff000000009ffffffff
ffffffff000000019fffffffe
ffffffffffffffff980000000
ffffffff800000009ffffffff
ffffffff7fffffff980000000
8000000000000000980000000
8000000000000001900000000
80000000ffffffff900000000
8000000080000000980000000
800000007fffffff900000000
7fffffff0000000097fffffff
7fffffff000000019fffffffe
7fffffffffffffff980000000
7fffffff8000000097fffffff
7fffffff7fffffff980000000
0000000000000000900000000
0000000000000001900000000
000000000000001f900000000
0000000100000000900000001
0000000100000001900000002
000000010000001f980000000
ffffffff000000009ffffffff
ffffffff000000019fffffffe
ffffffff0000001f980000000
8000000000000000980000000
8000000000000001900000000
800000000000001f900000000
7fffffff0000000097fffffff
7fffffff000000019fffffffe
7fffffff0000001f980000000
6aa79987bb91433a500000000
029a7245d1f6f86c500000000
d340bbcdcd8778e7500000000
4c73a942daea58ba500000000
5e503a67ee897110500000000
3193ca54452ec40a500000001
90e5e9456facaa50500000001
29645f8b5f811cb9500000001
1fcff454dfc9e3b1500000000
6ed4e94b42d6cb5c500000000
8fe46024a091250e500000001
2ca1c7899c9cea0c500000000
8d9fe5b92fd2b7a4500000001
5adad121bcf74d7a500000000
f543bbcfbb9d58e4500000000
175f0cd287f26aee500000000
fa882692bc428d42500000000
6980a81f95c5fb98500000000
8101e89a2aa4857e500000001
25ece84534a9af41500000001
b80e3b0d13ed748b500000001
30a1f6d5d64a3ce0500000000
57708107527122dc500000000
06057c827576714a500000001
56eaa30106e0f458500000000
f7acee2282bde024500000000
fa928906b0d26ee6500000000
be99854a6a5ccc2c500000001
00e266d001b5577d500000001
f0b37868a9f559fc500000000
deea959e29ef41d0500000001
c555663f94820a06500000000
2dcaabd5495cfa4f500000001
1978cec0a70ce1b5500000000
6a1eccda1b1bcf72500000000
e2b2848bae711399500000000
93fd72342e80dbd5500000001
bc90a6ec600027e8500000001
3b8d0e76f5cdb941500000000
860a7da19893588c500000001
b59a5969e9c329a8500000001
d32851515473da68500000001
ce9fb6a80a4de3e4500000001
3b788b661eab5cd8500000000
df8960ad7fcd33d2500000001
3764b52ebcb8a084500000000
cd4944b6c18c6da1500000000
8e1a11f0ab721ab0500000001
2f92729141fad296500000001
96af0dea6f055718500000001
84ab5616ea80db06500000001
f56ae7ea213f191f500000001
0aa25068fad2b6c5500000000
2a04f77a4d23bed5500000001
fbb91133dd533730500000000
d50b612b026530cd500000001
26784184f70ae8c0500000000
3aa725cb5987baf1500000001
8a04f74f578b2426500000001
282fe55762d1c049500000001
52e1fbb003499f84500000000
0ca02f4d0f967bcc500000001
b6307bad71f2f9c4500000001
141cb03e635a8ce2500000001
fe9e6246cc905983500000000
ebaa77012df2b7c8500000001
c9f0b07202ff5f56500000001
c5bc647ab65b9045500000000
5e2503dd372139f3500000000
adbfb00e8334bb82500000000
c2e1dac41f1af1fa500000001
7b1427089f318042500000000
0fc01b1103898f4e500000000
a04859227de6002d500000001
53650fc7c5a0ff6d500000000
9c2ecc16f74fd9ec500000001
6bbb69f5ec2fc96a500000000
f3d90ebd8cc05570500000000
339bb47e5d41eb25500000001
c4d3c54ca9b04e95500000000
b2d4f32a1e8fcb74500000001
8e7ae9af26501578500000001
147de9b07eb14f84500000001
2a3a4667e47b342b500000000
f79fcaa055e6fa5a500000001
3b0b639834085693500000000
29ddf4c729aa57a5500000000
49cdbec7266fdf5c500000000
8980bb2c17314875500000001
85056138b21ab98f500000001
00da5a802583bf90500000001
00d0bac4a85dffca500000000
7efe369ae2cce77b500000000
2f529fb3d5d3cee2500000000
9b852cbcef0e1c77500000001
cc6812b6d9c1aa99500000001
188b269443a7c488500000001
8152a2c5c00187a6500000001
67f8ab1f10ed0260500000000
ca5b2579c05f69af500000000
f46d4e1d75fb4415500000001
6aae0b742e93761b500000000
3e46cc1ceb3f4d0a500000000
e0e3a17d2f2faab7500000001
06fb8a805f774422500000001
549968e72d0bc102500000000
650ffbcf2d87bab8500000000
2d9059c692573b50500000000
ae103641d2cf5d1d500000001
84ad1903e4b1455b500000001
3fba91d2f5ce6011500000000
69cacc7b836170c2500000000
b11f43a46ae36852500000001
5330d7c51ec1db44500000000
11552ddfa4cc1ad0500000000
75e38718be5a4452500000000
31efbef6a0ce08bb500000000
9f0e5690923c7324500000000
33af061bbfc84365500000000
22910c3787ed24ba500000000
e4daa2e73bb5a287500000001
548dc214915f892f500000000
4ad484312017a69d500000000
89cb56b882a4e5f2500000000
b1817b72c5795f45500000001
abc67790e4384beb500000001
cc638bb90f27e5e8500000001
428b2d1bc6f736f0500000000
6d47be830b4634e6500000000
5d2c805ccc9a502c500000000
84459a038930dd5b500000001
92f4b20d1b897889500000001
a11908e0c24281d3500000001
11656edb27fafa5d500000001
5f081999e15e16c1500000000
b56471c8a282bbfa500000000
090b35974661d077500000001
bf0976bd71afc8ad500000001
af973c3d5e622929500000001
66dbcc444ea838f2500000000
72fce34d9c4172e6500000000
43abd5494fd550c3500000001
bcba851b7e14fe2e500000001
7afbd9be0ce4ad11500000000
43df86ae72101a3f500000001
0783a82e383a0301500000001
58569a9b22d57caa500000000
ebc6222b00855e6b500000001
ad17d536f8373eeb500000001
a0277bbfcdf91845500000001
ef12d18e1548e270500000001
07d5ba921c6e7bd0500000001
9a3a9565df44c5b4500000001
301d8a84dcea2252500000000
659e23c27d933dcd500000001
2e8cc39e45caa283500000001
596091d63563c1a6500000000
e6c0bc684cd68a77500000001
b9b34ee750b7da40500000001
d8a6922463663481500000001
1352e69d9de9feb5500000000
4d04125f5e4fd35a500000001
c8bec05cdd6f3010500000001
0a5b03806b547c70500000001
3091a72b29183eca500000000
14f4913e249176da500000001
d14b5d874e779665500000001
3b747bc055348124500000001
6c9e62ea336e875c500000000
038c130b265ffc9c500000001
1d1940b1f3a30d70500000000
839542520812193f500000001
ca9353f8ff45ddff500000001
574d881164631da1500000001
51c0d297ddd1ddbf500000000
0a72aa2d3dc9a075500000001
19806fe87c113308500000001
2605125c941164e4500000000
34cd4fcd4257f1be500000001
91e19cb888488c9c500000000
5be070a1288bfbe3500000000
fa4c529bbdc20b73500000000
48bb6e3a09bb3670500000000
db35227edf176b4f500000001
177e844c180f72c1500000001
87111aa935136f41500000001
8caa597d811348f1500000000
a8448d68f6198f9b500000001
68feb082fb105a95500000000
8624276603e50e54500000001
c71eb812851e1ad7500000000
26cf613796a4087e500000000
88183610534aad58500000001
968c80b9c334629e500000001
c81d4cd4e6665e8a500000001
29e8fa09751d0db6500000001
6a2254b2708a8d14500000001
064a2c495f2b18db500000001
a99d45750700937b500000001
de372e88637068fc500000001
5a80c814ac9548a8500000000
d0f6cbf18a7901dc500000000
a8748eb29822a58c500000000
045ca36e51b98cae500000001
7861a5c570096402500000000
0bb58d7651aaceff500000001
502f523263b4d323500000001
ccf6aec94c6872e9500000001
201e280d61352eec500000001
90bc0ea29f5e1c8c500000001
0e851ffb91fc7f59500000000
1c1d86c87c75deae500000001
f3c10a101e62f07b500000001
18ae27659d6285d6500000000
2c92bdc30883bd31500000000
f0a8c3b40d1c6a5e500000001
4f10da2ed5c29cea500000000
376bec48866b4614500000000
18b1516575dfcbf8500000001
7fcf87237816be63500000000
0f137e3f6c610ed7500000001
38556b58e72c9f16500000000
38dcc11f545b909d500000001
bec1e4d9c8d9d94e500000001
29815fda621970b3500000001
969031918b1423d4500000000
3ddf7bbcffcf61d3500000000
fe6b0ff4af9fe017500000000
fd9a777578b8c927500000001
ec81acf12e2ff777500000001
e66be00f355e35a7500000001
8dbee3ab930a4425500000001
ee4c8dc68d189aad500000000
a3cddd0036c0c591500000001
28cdd5ecac3a241f500000000
bb7b32aa749871e6500000001
d96ad6e5c24fdd1b500000000
03b31836a68e3fc8500000000
31e6380112be1040500000000
c8c7e57fe65325f3500000001
c49ee90811db117a500000001
8f8236d5cece975d500000001
1f4fb4da182ec3da500000000
43e7a280911cf7d9500000000
3c57d6b536adde62500000000
fb078b3b47125412500000001
39aee1d27f6752de500000001
5ec0533abbf3ee6e500000000
b064752d725d1d43500000001
a9c54447674ecffa500000001
8febd89d3fc732df500000001
a692beb2735aa0ba500000001
dd710d12d64bc69f500000000
e9f8fce281229d6a500000000
1bc32d7f84a44b31500000000
07b67cf8834bea75500000000
e9e110058a4aa219500000000
e9072678ae4e9557500000000
5e33e84f3d242bf4500000000
66528d2b7e436521500000001
af56411d15195c64500000001
6be805e9772ec801500000001
1c6c523953e7dea9500000001
3fccf7de71b80aa5500000001
4dc094bf6cb4c454500000001
90f23ccc1fe63943500000001
2bd47c6937cc830d500000001
ba87b56c9dea7b52500000000
f8441762ebb0a108500000000
62852c254321068e500000000
92002619e17cd1f1500000001
a2e109c5c70060a0500000001
cc4883912d0e9515500000001
a10d9421016ef2f6500000001
843aac11bb6f97af500000001
b872d88546ba6fa6500000001
0614cf0ace6c5f5f500000000
f09646007ab46ca8500000001
e60ccaa155119369500000001
b19e0934a195da8d500000000
339d4ecaca55c919500000000
a02798f94d5de2dc500000001
0733213dba24c040500000000
65cfa1b35df551bb500000000
372273f9efa99845500000000
8fad43b3fc6bc316500000001
401c00ae3afe889c500000000
179fb78feb872685500000000
cb3aae05343b335b500000001
4053559feb147d31500000000
8f492c25017f5b4b500000001
043c862026bde4db500000001
903f13f695004140500000001
ca0c42b7edc3c715500000001
c8f548aa2220718f500000001
541152cc36939b01500000000
20df15cad66d12fb500000000
9c06a6cb9f7c054d500000001
4e774658829c95a2500000000
492b4442076c3a39500000000
35ca0e236dc189f6500000001
64b0bca6ebea6318500000000
aea505cf94bf5aba500000000
66cb8cc8ca7d2bef500000000
a57d91e1a3f27015500000000
ba52b147a916ec77500000000
cf72b4f670ae3c94500000001
921f5cff8ffe04db500000000
fd85667a47acc900500000001
8087e48a484fef17500000001
8984dc1612b8fbf5500000001
a887f62a7a2ff98e500000001
f8a76ffdd9820ed4500000000
b3b2cbcd7b8837d1500000001
eab59d63a6201eeb500000000
289e1e65e63ad718500000000
6c08115f0c294e6b500000000
b4197a6f192c0628500000001
bb9342f9e663e86a500000001
d47c1e661e8624c2500000001
44300023a9d9f37d500000000
50914063e34eb93e500000000
69a83797bb613f0c500000000
64722c127a100178500000001
17bb14e0fb3a4c43500000000
63c759a1b03a0928500000000
a47390771f051604500000001
bd4decd46e4f7825500000001
3ad92147fd827148500000000
9ee4b99401de1970500000001
c0485eea75771499500000001
27d052c6a07f3451500000000
03aaa7145b1fbb60500000001
28fdf260d770c3c3500000000
adce60d54515aa49500000001
e9cf5a2c24fa44c2500000001
63239fb3290ff88e500000000
4fdf180a528fa701500000001
a09455f999cfde30500000000
50f1a7f96e0e643c500000001
0a09b32a5aab95e6500000001
3ecae88bb0d1e97c500000000
99bd1c73dcec8696500000001
75326aea06d854f9500000000
58ce5ecfabda7eb4500000000
6464d50c7f7122ae500000001
231a38f79b67a4f9500000000
c4749137c3dc81c4500000000
5fc098d2dd211fd8500000000
b0a2271cd58950d7500000001
915ad20ed37c2ad4500000001
e66db8a44c75e9eb500000001
cbe3dbfb8c27824a500000000
21ddaeaa7fb7b1cc500000001
73908493b12217a1500000000
02da8028775da1f0500000001
c14d9e9b5e1ae444500000001
3b12f20f68d20166500000001
fa01b32878c7af70500000001
39b59fc49de0893b500000000
821a34f5570df529500000001
7dd8b8814ba4bd43500000000
d3cbf93cf861c43f500000001
985d2c963a8539ef500000001
e18fa87c6a597af4500000001
51d3eedfea1d172e500000000
18f4b94b26628839500000001
2f8aeea388a92928500000000
0bd942efc2b855c3500000000
b51615aafc3ddb5c500000001
afa197c8f2385750500000001
c1317fb61f794f99500000001
c7e78f6f6311a309500000001
200a66e75ed9ab67500000001
106c43e5334df055500000001
a8b96db7370efb18500000001
004b2398187c554e500000001
5649a54a42c602b0500000000
96710d513fbe8d9c500000001
a7059d5289cbcbc4500000000
9d97ca0f46e23f85500000001
f30b5c8d9d0be60f500000000
f980d39a92b388c7500000000
4f7f629758c20099500000001
50a35350644699bd500000001
057c0a9594bd5da3500000000
1efddfab96b58901500000000
702c317970b49936500000001
a447845c50c64b4d500000001
3c558f74414f2690500000001
19747caa2bd443a5500000001
af5877ef4a39cba3500000001
ac168bca0f92baa6500000001
801930d120f0b586500000001
2415529d871f7a4a500000000
3268c382b382533b500000000
44a235f936038224500000000
da50cc9341556875500000001
ed1832875bc358bb500000001
0c12d0e21460dd5e500000001
efcf8205b386d7bc500000000
e9a5d980242f4052500000001
caf93edabdbaded4500000000
3bb823fdb6328ae0500000000
f78cac5a0b6cf607500000001
cf0493b7d2e2b32f500000001
23adc778050908a0500000000
0929281b24da1b33500000001
60c4660f6ca3cca1500000001
945dd4a86bbc936b500000001
064f911e2c558da1500000001
f4620a1f2787716e500000001
ac3c9f3682912b83500000000
84453ca524efffa5500000001
7def675fd1e5f958500000000
1ad0d2e85b3fb0b6500000001
bf6e7138132aaa59500000001
bdd5166c27ecb44a500000001
05bdd52a12654fd2500000001
ce962b35d9c63bb0500000001
5ab53e0c21d43150500000000
eee19f675c60d954500000001
5791bb3ef5c2b29f500000000
363c894f4b66d6d6500000001
322172268aa02a2e500000000
54dff40167e06920500000001
121ba84a54e12729500000001
2999b2fe4054ba94500000001
78f7191aee4ab6f0500000000
8d5caed42b69b9ff500000001
8eba5d44b735fc2d500000001
21cafaf162786d2b500000001
064ccb9d71c0641b500000001
258fa0bce24b43ff500000000
e64413d64194cec7500000001
22e74a70c534f3b9500000000
af047c91278cbf54500000001
8e351c43bc00ea1e500000001
999e5af340bb56ab500000001
efd8ec36b10c3341500000000
417337424a312a09500000001
b3da3e450095b6dd500000001
847d757c908add57500000001
5e588964b6222fea500000000
66ae380e8d9738df500000000
33cdf4e560708c0f500000001
19d04c51e671ebcb500000000
ebddd1c51be683f5500000001
a3ebff888a0c93a3500000000
2b7b498876c3b06e500000001
cd98d2b38076bd99500000000
2f4a2c951333af20500000000
a98a055ad5f42ca9500000001
962e63661bebcf08500000001
cbf989a71b989716500000001
6989803e26eecccb500000000
f4888312c220e249500000000
b8161c0d0ba1f89a500000001
72fdd732a2ee090a500000000
1efe50216777ea15500000001
4212fe1e491da37f500000001
21e1955f86241e47500000000
856ae79239a47467500000001
ce4c7883eb8fcd8e500000001
bdff71062d2349f6500000001
a31755ce19102e1c500000001
6d46230625b4e6ee500000000
47496f023e71b5ac500000000
cdcb062d1ea6b1db500000001
abd48af350640a54500000001
a9e207cc6567439d500000001
8ee73ac7f608f14e500000001
ca683efcbd72fbfa500000000
96c0ac9ec936b68e500000001
436a035536a7ba1c500000000
5fa0571963f86177500000001
4f4b07fa01576015500000000
4aaae79bf8954f90500000000
e5fee7e1e4649c7c500000000
b628a71eb59f2afe500000000
9d16a2e76eeb5a46500000001
736e8d9c6b20a4ea500000000
7c4253f8fda9bb1e500000000
1aea83b4797547d3500000001
797c585f385a2ac4500000000
967b368c0bc9139e500000001
59ab48022cb53dd0500000000
81d9ffad308e1f19500000001
ffd1813d3803447e500000001
e9b9c10cc0408f65500000000
13b7cfe9e73cb03e500000000
f22e8d04fc851080500000001
cb63180b9531a7db500000000
cff2e88bdcc2b419500000001
cdfa82cc8dfdc5a9500000000
356a42d22d6c37e1500000000
21cbfbb12ce49e87500000001
a4557ab701314fdf500000001
d3efd804e16a1c6c500000001
1a1b570d2105884b500000001
03ae7f66e9570d90500000000
f26d3796c1d859d8500000000
e8f71c890f06c3ab500000001
42edb01a1f3d72b3500000000
d43c9553887a682a500000000
4c700291f4f1e313500000000
d76ddbd0d081600e500000000
035229567b45bb9d500000001
9bbf787995aba85f500000000
3989927156a51738500000001
a2c7e28817d81233500000001
066a9ce303574b4e500000000
a5b097a169751214500000001
198bca4c4f2324e0500000001
719112b2f9bfb0fa500000000
11e9b14312ce8079500000001
6233807ff3b347bb500000000
27ef13d47380d74c500000001
53f5f446f97f789a500000000
783520eabd62f04e500000000
a8bbb0dc24cbe22c500000001
a23486acd45f04cd500000001
8606921b6012789c500000001
da4dc6473f9f3c1a500000001
692b6a86dafc409f500000000
24e701716ebced25500000001
af6e9b34d65e326c500000001
5b6fb089b4254958500000000
ef4d13f639a94e7f500000001
63e36cc6f2a96ce4500000000
038b91bf763309b4500000001
5806e2031e55e4a4500000000
f5ab784fb2b5f7db500000000
7a5d5578e7e13ecd500000000
d2a65ac0e53cd52d500000001
5e32707c1eaaba64500000000
9bc1304545f667ae500000001
136f715586a920e8500000000
33d5a36306bcb467500000000
1aa1ef88fd109341500000000
670af55ea7dd0ec7500000000
52cc7d4cfc5d91ba500000000
8ecc5be07e95160d500000001
a615b3132ea91b2a500000001
3d6c0fc7bfefae08500000000
44a5fd856d756b7c500000001
064b1a3125b53388500000001
1f257ac42bbb887f500000001
61a685463bc8f4d6500000000
e6341dc51be482dc500000001
3032a90cba387e2e500000000
6865bdbda83a134d500000000
03485898301b6955500000001
96ba515b72648243500000001
6bba14c3809dd7e8500000000
54c97acc904321ea500000000
63cc58226b90f722500000001
45d19134eb70f5ac500000000
687813ae0dcdf9a0500000000
2f4d5b09a7f50242500000000
b66a0a27b7687c73500000001
eee1fde0f96ab812500000001
e8245c3e18d74b68500000001
5dcdfd9b716b7128500000001
02fa05fc4ebb72a7500000001
c4d759810c80f81f500000001
7627e018a972377b500000000
8b950784d189f20c500000001
a7e22dc41a9c3ea7500000001
cfc54daac2d4f4ed500000000
8497ecfa726dbc45500000001
6f3650a7ce632838500000000
21a71880e6cbd02c500000000
0ab73e4915e35cba500000001
2a584a86cfbb2ed6500000000
27982d8d70541db3500000001
f0d855c4f31c92e6500000001
911d35be70385c39500000001
0705ecc9fb400a34500000000
51771a11dbadb38c500000000
6977c12c53a50432500000000
d5a015fb57ef25a8500000001
69cc641f8fb96e16500000000
8bfc4c027d11bf38500000001
4398c5c0a2942223500000000
52b97d3d6c8a340b500000001
146a50062df22817500000001
c86e5c953fa4afa8500000001
7d2d7ad57b604a7b500000000
bb3c9a4dc33515f4500000001
92797bc189266458500000000
16c8603a56a69628500000001
44d2fdde8b38996b500000000
51f67ea8ce2b3a10500000000
c87cc18e7b8cb68d500000001
58b33aedfc5560a5500000000
f73421ae8d20026a500000000
cbf394744f5255c0500000001
b0d56336db1ce4e1500000001
881671125a63c31c500000001
b13fb0d82e97e332500000001
56b68d24131a6034500000000
1a2ba47e7549192e500000001
dbb6f76b6f041779500000001
75a4a698ca35b618500000000
f55000ce736e8e83500000001
bb62f10cb645f04b500000000
930a65f9343a6f02500000001
6d54e37a3926a4ed500000000
afa6229ac3d6eddd500000001
3e0c74b6d150ccf2500000000
5a6ae93175968472500000001
51d3d8816f8cad64500000001
d18d355168283e7d500000001
f32824cc867369e5500000000
18e0bf2ec9813042500000000
0645f5cfb6029608500000000
5a4a0c77baf250bc500000000
aec07c1bea7e5e67500000001
70104df0d8e9107c500000000
c292c57605c1c267500000001
f7d92738cd1a2f2b500000000
aa91acfc3e285d5c500000001
aa846fbb09a6c0f3500000001
24a62fb65f8c4403500000001
95c516b3da2cff68500000001
a0aa965b000cd68c500000001
31f9699dcf820d58500000000
06a151cd4a72a118500000001
ad9f4215657512e0500000001
fe46d0bf8050868e500000000
a58c5ef72e235f2d500000001
33661310b0a35c65500000000
ded3245d54d71130500000001
514e02a7d553153b500000000
576056fc6c1a619b500000001
d03e6c913eadde9e500000001
cb4b5a3c317f0daf500000001
ee5f9415778760e3500000001
e27e124ed52c4e1c500000000
009afd803bb11ba1500000001
3a8ed2f8e3d8cee6500000000
953645f3d75d20f0500000001
3b55c13ccb1458ae500000000
d9e0681a7180f4c4500000001
bc8092de2d30d773500000001
c18ba2db0a7fcc9f500000001
f1a4b5ebf0543848500000000
b52a290ed67a8ad0500000001
f6a2e47eeeac66f0500000000
776c72a023812085500000000
22c6aea5775ed7dc500000001
8440047eaa68dc66500000001
f2dff75f5a44b74a500000001
9d3dc4a03a2be06f500000001
5278e1540793b580500000000
1937e00d289706b0500000001
2257da2cdeead637500000000
1f639a72c66050e8500000000
b5ef69031ec91300500000001
54139fa9986cc6c5500000000
6f4266db94200242500000000
f9bb3ec6e377b1ca500000000
550684d6c6b6d5a5500000000
a74c0c5b82199445500000000
595bd04535f724cc500000000
62b7ed03160214ba500000000
6d2ea70b329930a6500000000
71cf3794350dd951500000000
1dec5ba828dee432500000001
a44b6c342d0b0b96500000001
8e655e415f3efdcf500000001
1c94e04acd73b8f4500000000
f9752ab71fd36267500000001
fcac6f18a4e56a61500000000
46615df724815791500000000
57342568edf62400500000000
c7d8575938ef0942500000001
81959cb5db2589d4500000001
9109cf35f6c7446c500000001
c3b0b3747a62eb07500000001
c06ce5d507870684500000001
43ef68944733b4ea500000001
7cb49bdf5524f714500000000
cf79caef0017b014500000001
e201e90853fc5a69500000001
ddb9d47abfdff49f500000000
ccb8054181859134500000000
a8816af08fa0ebef500000000
06af294dbfc3c324500000000
5da011f99bd3e984500000000
b5852144c4aba75e500000001
3e31d47f05ac5b89500000000
101ec5cfb5f1fc70500000000
980ed82d2c10167a500000001
c4b1d72238018fd0500000001
ff031b6e5ca7d9f8500000001
ba6c13a14ad92e9a500000001
72dde967767eeb7c500000001
0833de21096525ea500000001
ae0e7a56c974a4a3500000001
e474c7b4e3e07ddd500000000
849c052c12096715500000001
900a84ed90b33ad4500000001
179a9a9fc8a9ca09500000000
521f701237fe28d9500000000
9793a78e6cfc5266500000001
cd8b849cfc89ca9b500000001
53161279846f8450500000000
d4edde9b040d9c89500000001
9694462b1ba4655b500000001
8e111833dd7a0c6f500000001
3370d6149ed4dd16500000000
b1f229144d4810f7500000001
231121472234e24d500000000
6ba274ac95e98312500000000
e2f273aefd51b369500000001
de2fe871febbf21f500000001
f1cb4496b4d2b1c6500000000
3192b67ec057dd5e500000000
e78c4fbddbee1796500000000
77ff5a31546df17b500000000
2a194e786b4669e1500000001
e5798cb85eb1cf8c500000001
f3432825c4e0f800500000000
f924799121bf7188500000001
5bc3fbeeeb479184500000000
39941027726d332c500000001
ecb7f594c183a4f3500000000
b6793d24e32dc2be500000001
eced809f6db729c0500000001
babb060ee327263b500000001
fc10fb677eb25cbe500000001
bae27ed8bf0c39fc500000001
d1e3e9584d48aeb5500000001
ec4064ba3fea1f75500000001
6e036c951589282a500000000
eb7af4283f30ce35500000001
69e8f4d2db17fd4b500000000
f604a1622f085fe0500000001
8acbea0c951546a7500000001
a40fa769831e7757500000000
027ff6a29b35e377500000000
56e3bcd6ba1ba52f500000000
466566bf7c1b3cf4500000001
031245deae88c5c1500000000
502323946d8f6ce7500000001
41d79d437bd077a8500000001
1bd87002e7099481500000000
416f4dc9565e5643500000001
dc414427c0af4325500000000
372c96738bbc8e2b500000000
b32b198301e0fa79500000001
fded7619cde45c2e500000000
02531423a6635373500000000
b609c2235fc02edc500000001
2268fce028cc3c51500000001
2f500f76a894ad5c500000000
4ed527fa67101d23500000001
eafd304f821dd04e500000000
e051e684b25b8476500000000
177d77a473fb3d10500000001
ca45775497d69e40500000000
15a6f4c4f7b8dc40500000000
5bd3923261688478500000001
fff2b8c7e91d638c500000000
e12f2f06b6a3eb27500000000
1c184d2c90c8418c500000000
912bb38fc0f3dcf2500000001
6baa9a7e135a4610500000000
acd3ae701bc59a07500000001
dbd15e9db4a4e34e500000000
8ec2d65c2af33cde500000001
eea0417d092edb82500000001
e57a304eac7a379d500000000
29d97a83505d528a500000001
0e94d324fb4f7101500000000
32af3dc63fa7d6c3500000001
8206760ad34eace1500000001
b1e9d4d3b3873620500000001
dab5602e9b321e46500000000
bb27f9e6361688f1500000001
a782b4d9a150a5b8500000000
99d99f151c3c5d9a500000001
a7736adbb3665c16500000001
666da13a265f73b6500000000
a9ad37595e993f74500000001
d6152c92b21e2be9500000000
db4100e1610f97bd500000001
b7f686d6489bbd05500000001
acf51fb2c9d33491500000001
1284c4540659425e500000000
53f5761e514fc647500000000
74a2e62d19ac4ece500000000
4e9b3903006f039b500000000
32c113db46de9f91500000001
5fea9435bfd2b346500000000
d55ed3f507a19aa4500000001
446827355cb37d89500000001
ef7f3054a05b0426500000000
019eb6f971895a75500000001
6c055de7ef7e0ac4500000000
b8a72bdf8379113f500000000
c13cd6427bff99c7500000001
030e0b38830ce9d4500000000
1d7ab8fef410d2ae500000000
121f988e869e72e2500000000
90ae12b3c2acb2ed500000001
183f3c2ee3fb1fa1500000000
6578aecec12bff5b500000000
48401613d691e09b500000000
1a3bfa27a4267716500000000
5febfef2bc81c282500000000
6f7db47217c8ea7d500000000
940fcb48f295cf55500000001
5863b4836aa77b8c500000001
11a34fe5ef8c07c3500000000
5437186b89d1bf81500000000
b1b077d8c0d3f5a9500000001
00ea73f39ca32f89500000000
8596c3e6563148bb500000001
04ff718ef94424f8500000000
dd3d1defd5f9396b500000000
3258701168d0e2d5500000001
889b20b9a8b02b45500000001
1763ed7d50cf7c10500000001
8c1bcee6443aa2ba500000001
caf743fdf75111a7500000001
ea22182355190a9c500000001
ca2a9834adcb49b4500000000
e4c8d2644cc19f30500000001
01fde7c57c48960f500000001
ce481f6f2eb2cee6500000001
0c8c020562c486eb500000001
dedcd7df49d498d1500000001
ff0f1f1de5ba21bf500000000
b7b7b8842e882a60500000001
9b387062d8a2b623500000001
bbb46da1bfe07ac0500000001
16362f4bcee9b6bf500000000
dd09cc14fd2743dd500000001
16609388bc588908500000000
3d1e1dc8858a4b59500000000
452376e5d8269336500000000
b0057bdefeeeeb2c500000001
64c2e91802c9cba5500000000
62c9e058cfc0f921500000000
80821978e0b9b65d500000001
c0d87731d916b2a8500000001
d6fef511632108df500000001
d858e4f3e38f9fcc500000001
4883a49b12e2b95e500000000
0d6ac205ec15ced9500000000
18258c3df57c2841500000000
1d6d886da35a4e77500000000
bee50520d8f4e54e500000001
159189ae3bba78d6500000001
c1a92b9326aabb9d500000001
00757294f383a63c500000000
afd9009dc10b2089500000001
3f500c4232c583a3500000000
a51b2b482f616fac500000001
c2a248f25a44f1d1500000001
a791065151bf5bfd500000001
12f164923cc4b3b3500000001
054f0333c66d2a84500000000
61f7485b5b79408a500000000
e831ab261416f0d3500000001
76e860323256e65d500000000
434612458bfd6b14500000000
787cc1d4a69ab1e9500000000
d2096be4c0d28fac500000000
3503bc7a6c26339c500000001
1f977141339119e6500000001
eb20948fd2065ec7500000000
6c90d0f3cf6ff176500000000
719ca25f95f598c3500000000
4f97e21476c9f6b5500000001
3e95219d67bfa16d500000001
dca894565dc4da6b500000001
cd703c9a84233586500000000
4109d699c228c129500000000
b9982747997c0eb7500000000
eb46488e64a80c5a500000001
6af0c24c8e39ec95500000000
fb20f987a1652cf4500000000
173f247802ab85c3500000000
d675850754ef811b500000001
d9ce55a01d73a315500000001
40938e2bceb380e0500000000
46de7d17839787ae500000000
459fa677a68c3b99500000000
22f80c218155cc75500000000
cfa485c1a9485ae7500000000
b2c8cec46deee66a500000001
c9bb7a247437a327500000001
a4618037e76ca5f8500000001
42eb35fbf044c5d1500000000
164f1c29632e63e4500000001
422adf8241c10f44500000000
c9ceed79684cac8c500000001
05072dba82a519be500000000
888f7fdc87bad801500000000
5248ba3162c9b781500000001
49dbd54828c0eaef500000000
55b2b6e9f648b7b0500000000
97756f37f7c6959d500000001
2b3f54fb3d5b1302500000001
28b751bcdaa8da85500000000
d97d4b3a5d5d8690500000001
c125cc681e077821500000001
5c19078830a724c4500000000
3fb0418b6931888a500000001
95a5d2e92481868d500000001
eeb737cd5a80844c500000001
c9c229370ee4d2be500000001
716eeab0e9757354500000000
a27327c199afe233500000000
5bf790ced9a410dd500000000
b594f2c913411847500000001
84960e32afa36509500000001
06f5a56f7f3e7534500000001
ac878ce4b29fac22500000001
df1fd19df936c174500000001
7c1690b915b935de500000000
28f8ae93d9ab07a8500000000
4da9b3fd9a62903e500000000
31406a4ea9c7fedc500000000
d706fbf5bae59810500000000
bc447134892cdf9a500000000
4c1f215b388583f4500000000
4d73d943cea2b33c500000000
205649c389ea381d500000000
70b523fadff20253500000000
f9dfaae227e11f44500000001
c1c4ba5c1583394f500000001
ef80b34c5bc28316500000001
130b155bdd7056bb500000000
ecef50d50570d681500000001
e9b061132ddda2ac500000001
cf92b8929079682e500000000
20ccecdefafa2202500000000
de6d5f8c0d562268500000001
fa63ff4c16d9b144500000001
bd86ff4ebda3cc2f500000001
83ba0ab12f521153500000001
57ca794fbfba9313500000000
e0e14b25b524c4ee500000000
9938fc79f4de4557500000001
52b1f085d0ddc356500000000
150e0fc9eaa96d2e500000000
0473c97c14325113500000001
b3b6577ad097440e500000001
4bae3daf61e02bb8500000001
21d897b170d03590500000001
4e98b84ddcbc1211500000000
76492afb6d3c5f9d500000000
d8d9d0d6414c8290500000001
79632dcf284ade7b500000000
20f6f444f2ddd77f500000000
d416f1f3161c25b4500000001
aca9ff3466bfc09c500000001
8bc50b6e62a75b44500000001
e5fbb9e557ae5970500000001
67bef8beb6f1d3ba500000000
631b7444e3a55181500000000
0e04cd2600518045500000000
b21cfaab404e7c05500000001
9f29172847cd0b3f500000001
f28f0b1f4065efcf500000001
0201cf492f557b59500000001
69b20e82c6605a4e500000000
6ff8c4cdcc25936e500000000
6a53497a28aa74a1500000000
0b16f9d5fe5d3092500000000
d08a2252fb3c3451500000001
0b002f21cbd8da8a500000000
a3e2bff2f1f41a4d500000001
5001ec9f89edbb72500000000
6cb44b7b7dfb836b500000001
d6838d7d78b9b5ad500000001
34457bcc3a834d72500000001
82f1aa57cbcd2fc2500000001
4447f8b3fac03e45500000000
9c2ec7d962c3f523500000001
8b50be0ca086488b500000001
aad722c5487b2e04500000001
1870654fdd938831500000000
a1f5e58c689a3e2f500000001
a9841730e1486c02500000001
11580326f07c4595500000000
f81d3cae56c6cb0c500000001
d9cc64b7c4df892c500000000
cb09d06391d37b0c500000000
c953bdc91c906a4f500000001
80084086cd9d7fd7500000001
ea543b7cc7d11e26500000000
27aecb19fc11537e500000000
be64553664b229dd500000001
fa05428fb7cc4d65500000000
1010c4ae41d90d1f500000001
a616ab8621326c97500000001
f92421b8584a274f500000001
244b6c640c0f0bd3500000000
8f2391721d8f75de500000001
e5da57834f93b4a5500000001
43857ab7f08d788c500000000
35c31c646c2797e1500000001
b7bcf69fa9c33027500000000
cb581beaea0b1d45500000001
f114169e9659c781500000000
a70dda53eafd5eaf500000001
0dc90ea2ed0a835e500000000
d2386068ff4f0755500000001
493550d958cb737e500000001
9042ae7b2bfc64fc500000001
b88c031d36f21415500000001
fa681ff34df20df7500000001
8d274633783dcebc500000001
251035fa54dca4ca500000001
83012ac9c3d42658500000001
8e0f9192b503f3df500000001
c089541d5f8d6fd4500000001
30e9396cbc085b0e500000000
8d37297c81ffbf0c500000000
0cb5b61b6dcd545c500000001
fc29e8ac0b700637500000001
05ca90a2f810536d500000000
8a808e5b0b138afe500000001
2cb0a5faa0b78efd500000000
4655ff2cc8cbb1ab500000000
66f98ecabe648705500000000
40ca5f70f08231eb500000000
42d83358e4605cb9500000000
4f03fdf016180227500000000
7fcb44506514fcf3500000000
f4d9952ff73e5930500000001
358dc2203b083271500000001
2c324e1f40e77e7c500000001
0afae96784fbbffc500000000
ea6742b6ef08f901500000001
c87626cab5f482d2500000000
d49f1398bca3cd5d500000000
264947ba52e0a95c500000001
7100f49ca20507e7500000000
abe659fb6d15fc03500000001
88053f550c60aed3500000001
bb79c7bf0ccc9c25500000001
31b8093f112101d7500000000
e70f3950fde13dc9500000001
978a3443ced4a1d4500000001
9ca4645f85d2560c500000000
9605ee6448c243b3500000001
71612f0282007da8500000000
033817eabd56468f500000000
29ea4e1bea9975eb500000000
7b3007c10c36a4d4500000000
14f7fe3e92bddf07500000000
9852cad813bea5ab500000001
30a57700ca035847500000000
af44314d0c276f14500000001
67aea4a61d5d093b500000000
a858aa71b839ebfb500000001
431080c7579c20c0500000001
1fe4d87452df20e6500000001
aa10e9b90ee52afc500000001
d354e14bc72f7456500000000
36036bd6cb071ef2500000000
0961fd041f4086ea500000001
de5df81c837abc50500000000
c0d56f54d90ebc92500000001
c4524bf362d23522500000001
ca6adfcaaf045245500000000
6ad1180bf29adebb500000000
f3780c77cae3d730500000000
cebd2682aaf5f0c1500000000
c17935222bfea539500000001
f0cd59c40527cfb7500000001
e879269fc7d2a5aa500000000
90a4121efe106b81500000001
0e749162edc35d5f500000000
970a59378f7655d4500000000
7ee723c7a7fa477f500000000
0454a03070e9d005500000001
50733268e14ad1df500000000
d1fab645e8cba589500000001
9ff2891a501d379a500000001
ee263645cb44a1c1500000000
c183394591d306bb500000000
2f8a7020c8f33458500000000
b6998543a50c4a5d500000000
0c026d597e2b4c94500000001
de8e926fbf59289e500000000
4b55917a67fc83fe500000001
f8957f19f1443bb4500000000
0c35bd9c718956ca500000001
be10ce5bbd7312ee500000000
19f24690d229c308500000000
dcf17a46800d5590500000000
d1400ecdd96b8972500000001
8323a6ad86eeaaf4500000001
902c240f437193e3500000001
384d6561a9db6a1d500000000
5d4c92e715457ed9500000000
25f949b7b9e73012500000000
64bc3fc9ddbd2cf0500000000
2350510f14a4c5b4500000000
a257397ef7f8770d500000001
7e30c577f367078c500000000
5af913e1d73906f0500000000
58a450a077fb1a09500000001
f3b2ca8e9ee9f693500000000
f2a45fda79f92dca500000001
faaf22704b29f852500000001
5cd21fa4263e0c83500000000
14fe3b313dda9cf3500000001
29ab3a7cbbfba911500000000
dc452094479e4d19500000001
59d6e9630dae879b500000000
25a4fe8bc100ef46500000000
f4a59fe9ad630584500000000
391c016747c4e840500000001
8f716b9db24026f1500000001
69df377fb053b24b500000000
235b74907db87268500000001
5f4a45c5102cce3e500000000
c9d3dad98b5276f6500000000
8b0216dd9fc054ab500000001
db9890f3ae05ab90500000000
041bfcbf07736c38500000001
1b996d88b532b0c8500000000
6e9e5c75423c0474500000000
a4623af004445cfe500000001
6954aebcb5ad9a32500000000
46a871040a508f06500000000
d0798eb19129c4fa500000000
da52e31ea0cbe076500000000
a6321418eab8be6f500000001
21e8769af4c1b5ef500000000
bdac1ff496d0eb87500000000
9b8ad964fa08d78d500000001
bc1cc28d1d938bb4500000001
bc51612e9202150b500000000
9033765ba356cd52500000001
626aa92685feff18500000000
d660c6a9550be77d500000001
ecec8feb13355785500000001
f38c942302f78930500000001
4db3a1e50be18e45500000000
36225db2d112ecfb500000000
314ddb79aa65c139500000000
ae4db4e24f5e2ba6500000001
f6dbc8b9af795a46500000000
3d2d124fa00158a8500000000
7303c7de0156ee14500000000
8b8d675ae0e0e0a8500000001
6a9e42102707e2b4500000000
8c74cbfb28b9f34e500000001
5ef349f2b1b6c28a500000000
96373932ca286d9d500000001
fa62c86500cfa085500000001
c39ed7733d12af6e500000001
f6805721988af12c500000000
6bd4ea7ebcd22bfa500000000
2644c157ea0664a4500000000
33bee1d1aadc6b49500000000
3b40b10aa1358a1b500000000
c5167914d1a2d5a9500000001
391f5081cf877375500000000
8faecd349bad53ab500000001
ed6064ef09d6c14a500000001
6bd879fba187a0e6500000000
3cb22d6161e9e3d4500000001
e33128782454ee6d500000001
faa2a45c37debf69500000001
116cc97e10eee882500000000
d2965ad862a0c4d2500000001
f96a367b94598e41500000000
4be14dcafb687df2500000000
5bb4e58a2e9d55b4500000000
3119d9f694156719500000000
3783dde6cc0df37a500000000
c4fecde2b295c054500000000
71126e4f75b8d612500000001
4f2d5d597caf22d7500000001
5d52f0c37e819413500000001
e84bb27c0959e58b500000001
ff2be088b80f98ff500000000
51d197ea8ae2932d500000000
446d8a6d29a24141500000000
44f3423b39b46724500000000
c8b3dedf5d2da8e0500000001
e8a5d0f97d7cdec5500000001
315c684373a2e2c7500000001
1ad099a6266c7981500000001
552e35fa2a0eb3cc500000000
d488d8ee3a3a6885500000001
d8eda45ba401d26f500000000
f338bafe329c7251500000001
6b8b9200fc7e2199500000000
0b14c33c4894f12e500000001
0bbc1959c0d1f208500000000
ce77677e22e1ecf2500000001
5ff11405dc1f4d24500000000
2b9c97e967f824b3500000001
4825a1447f0003fe500000001
199fceae4bcdf0b0500000001
ea92a279aa4903b0500000000
6e1faffadfd86b87500000000
813eb34e6a5ece5c500000001
332f652e74c2af11500000001
85ce146bd9e45406500000001
40f1ee697cb27a45500000001
f0667a7ad00c9410500000000
dd7f4c6eb04a7387500000000
b7f4c0d201ca1056500000001
9071d4910b1497f3500000001
bb0318d90fb60b98500000001
15af5636df2b667f500000000
5c9f97922d226e52500000000
e193a72e167506cd500000001
ca88343bc2883c09500000000
50cef8b61f1b7e17500000000
625e73d6983f7e75500000000
23ad22b6ecff83d4500000000
00358afbb5ea0570500000000
f337aa461f02b231500000001
2f3ae815cc2a8d66500000000
cd1127c5c1c729d8500000000
2db16ec5d1a4eba6500000000
748371dce38c29b0500000000
8b51f5a1b54aa00f500000001
2f52e55d2582186b500000000
47f6320f536f34b9500000001
23a5e737c267d814500000000
00f9ea5300e562a6500000000
5e3f7cff8a3581da500000000
d6e196cfd9ca9fbf500000001
385811c3b6289c5b500000000
6ec9e7d8487045e2500000000
64bf4b502fb4eceb500000000
83d7ac4fbf1a05fd500000001
36d7cb479adace89500000000
0c20deef745f2312500000001
548b691c983c7ebf500000000
fab3ac09a19721ce500000000
9489de93201205f2500000001
73b71c6363731524500000000
4b60ac39ea584cb5500000000
b77f71152759c562500000001
25f12adf68a577c2500000001
9d1823aa5159a7c4500000001
7fe33d3f434c9e33500000000
118d3c474264ab9d500000001
803eb4de3fa07788500000001
56ab7f830cecd99f500000000
02ad640a153977f6500000001
7314f5c153389e6c500000000
3433451c0f1d2c38500000000
1b5d1cb2311ff84c500000001
afc05c887f63b805500000001
8db1291194c6b27d500000001
640b8a34fba992e0500000000
b4592f2f7af664d5500000001
e0719620138e0879500000001
5d9646f4cb7cd9f3500000000
86bdf8ac10bcc157500000001
e41a16b13f3f3725500000001
44333ced33e98233500000000
7399489ec45d60e2500000000
7c82a6212536769e500000000
5c4abedf47aac516500000000
8f7b24a9d71ec6f7500000001
c999ed2894ef02c9500000000
df2d6fcbce30c5dc500000000
69a44d870a64b9b9500000000
48893baf95bb4324500000000
c48d0c101d8a747e500000001
b4128749fc81b008500000001
462c63fe1833cc6e500000000
717fd7267a73755a500000001
3f48b131ea92068f500000000
860cf85198112e65500000001
3565ed3b456598fe500000001
1222fb0de7188abc500000000
43bf72a4fb18f04a500000000
164bcdb7c3f83772500000000
4cb5d49a32970da8500000000
540dcea309e21111500000000
4f873509885660ae500000000
edfb9e8916653013500000001
c38ca5b74eb850fb500000001
42e913daeb34b2cd500000000
e7af67d8be23278d500000000
7b726b5151f58d63500000000
03df08fdb5b24011500000000
782a40f2823bfda0500000000
1584038102c8d618500000000
4654b6e4772ebf35500000001
f5ff1c2600af32fd500000001
881b22d60fffb655500000001
fc28629719ee0f14500000001
712924d36c430972500000000
55563c62b53c662a500000000
3aba4a6365270caa500000001
3f5a43c16a8372fe500000001
c57ebeb045e6b166500000001
974251a73f4d1d3c500000001
dc657123b3a284e9500000000
7ac7d80ad2c9ede9500000000
decf55808023d8a6500000000
e68ad70646ef0a17500000001
12f559f683ef1c91500000000
ab1312ef733f5bc7500000001
13248a2c05db20b2500000000
5a6864ce6ca56f5e500000001
209b5872baa3076b500000000
a1f124f6a696c149500000001
1fc7912b98de8db9500000000
1681e7ea44e83d02500000001
bc64a0f8f539fc0d500000001
ada5c068fb6c5e42500000001
d891be9e8723fa48500000000
e8ab8da0226a46de500000001
b67f13f9dc24c4ab500000001
d4273ffc1dd1a822500000001
49d141f2d822d8d7500000000
75277fd210e1f15f500000000
8b9939e77fd89a2d500000001
65d106d5a636373d500000000
76566c3af3fc3939500000000
7b4ac6509035d214500000000
8477a7f7eeb39318500000001
09e358a46405ccdd500000001
25fc9bf41a2e1a70500000000
c59506c896cb606f500000000
dd8528804f61ef82500000001
350d4e27856f5c1c500000000
1cb87039ec4c8d0d500000000
3be068065cae1e54500000001
e0fa901b6e359abd500000001
717a9013b325c354500000000
fab177c018772047500000001
7f16640d7f340410500000001
1db895518f449cd3500000000
c3dd12736ff2db24500000001
1ea65d32b56e1eb1500000000
b23fc6ffbf60e503500000001
ff05f8f3e4554419500000000
be988ae9c475c96d500000001
d052c468e302ba1b500000001
6cf298593e3750c6500000000
0ff4c38d7d8029e8500000001
39c9479b9415e9e5500000000
dbdfc8c290e90794500000000
c9eeeafbc850b588500000000
9304d784cc9c4288500000001
33ac90cdc2114259500000000
7a4e4006f8baf532500000000
d19e37c7dede6fa7500000001
1be7cc0055dc9170500000001
e7306c65720de2f2500000001
140a0251007020ed500000000
b8b3506dbe7765c5500000001
04abd1896a730614500000001
dadc36f8987e464a500000000
509e0fe34df03128500000000
8d2b4ea89fb5defa500000001
0b377d014ca53108500000001
aab865de2098fea8500000001
ff4f4cc952442841500000001
4d5de81f98399319500000000
d6898913493127cf500000001
26ba6393279d076c500000001
09621a3f90de93c2500000000
aace1be5dce28a88500000001
455213366eebc014500000001
b70067037d96be16500000001
10acef3f5042e32a500000001
2221597de2324b21500000000
50e70815f866b6ab500000000
84cea35772c433e9500000001
3d7705f5444b61d9500000001
205cffe0f809a5ab500000000
1c97253492d0d4af500000000
5dd5428ec778f3f4500000000
0fef620fb641c441500000000
8aaaf5667e034d77500000001
0783049adc205a94500000000
85304093f99f99ea500000001
5120f8e4391dd0e6500000000
0a1caf9043fa3b45500000001
05a91495b681a9a6500000000
9500f4661dcb4fb4500000001
b63c71498653a6a5500000000
2e1e293a842fa3aa500000000
922f196c8a6caf24500000000
15c60fcbe09f7c18500000000
773b7a3a0d1f16ea500000000
d109220f111921b1500000001
30675e7b7e929572500000001
76f853c8a4ddeaec500000000
e7315eaa5b083346500000001
4496bf910aba51f6500000000
c85601727ef0d7b6500000001
13e3ffa48ebecd51500000000
46281671c72c61b9500000000
c6cdb4e2032f5069500000001
de258987148f145f500000001
4a7931ebfe0c9b46500000000
69413977b50b33ac500000000
54df5409b3eba4b0500000000
313d4f9f7ee83fe1500000001
54628b91f263d571500000000
d6d218ebf59b4f21500000001
92f9255c827a7d6a500000000
d7fd4521c8eee4b6500000000
921a72a5d3640839500000001
ad605bb5fc06766a500000001
8e097265caa719b2500000001
36559029436b93c2500000001
7d94d9953007693f500000000
582db57893ee81f1500000000
3a9d5728ac46d112500000000
50e2184cfaa49fe9500000000
eb75f03d01bda825500000001
f67942723caf2987500000001
f7cca7304d3c0021500000001
8b704c66e9fc57e0500000001
46857629e087527e500000000
5d7795afe8fce08d500000000
4bf2015a8e128177500000000
f64fe13a509a6cb5500000001
dd1c2be7cc49fdda500000000
c9941b1fe6c80437500000001
85256e76ccef1422500000001
7c3366c645cbaa33500000000
bc5b2908c805f171500000001
e3ca3c8862a4f85b500000001
b775cfe656bfe52a500000001
f283e37ee5233c06500000000
9a64c9450c992159500000001
d6d29fad05ed9cfa500000001
9b4c2edecddf332c500000001
8cad51da757f52a0500000001
d240b82c50d55e41500000001
72524320ef94b5ae500000000
d802eacdff1da709500000001
41f8f9a7eb3b76a9500000000
f9972998e0c4f5e9500000000
bb4e0326f1b66286500000001
31feefa83cbe667b500000001
af2b88938aac5210500000000
49f1e96b7a841d19500000001
18d4df00db39f321500000000
21c801a566196534500000001
6ef4be5dbe024190500000000
f2c326fbe8d2c663500000000
3cce49952c094de6500000000
8b02679ea7ffaa60500000001
7091e4d0fefaf153500000000
2ba174e5fb4c8fbd500000000
b1fa19eb6b1fd939500000001
4ddb1e3782d64b8e500000000
0b9a5cf1acf0b292500000000
d9802c363c1db231500000001
c31694641a3ba1fb500000001
0bf4531cd0f83ed9500000000
73cdb7a7e30078fa500000000
51a9e20fb2a6614b500000000
a803e055d5cfff83500000001
504a2c84ea7dd77d500000000
b3081a05674bd9f1500000001
0bb70268570a3f72500000001
e868941ab21dd4e2500000000
a595e4f3a1fcaf86500000000
65f83fdd640c8914500000000
d174237ac7c21f77500000000
bd8cf74022d11893500000001
503754f8c4f2b41b500000000
1701779735b4d769500000001
a37b3b694ef80e69500000001
6cab3554b05533a3500000000
de0fd1c75e1891b3500000001
26647457d467be42500000000
d4b07ace3047c0da500000001
d8037f4cf4b88d88500000001
347c798871ae0e72500000001
416f005af976f612500000000
9d2eefd903fce184500000001
48d8754511249bb0500000000
7c96359f12b3bc29500000000
885d7123eb1182b2500000001
648763b9e50f4e41500000000
1fadb028dd1079ac500000000
48b8d0811a878fc0500000000
cfa3a0dd0eb71718500000001
cc98f4df7451e2b2500000001
19f68581612d27d8500000001
b175dd40805ae5ad500000000
e122195a14fb42c9500000001
9c5038370333cdf5500000001
f5f814065a2048a7500000001
96d4c064677c341b500000001
77e7c715a1306718500000000
66c064dc3daf119d500000000
9574489f203bc530500000001
a9374fecbe7374bc500000001
fe117e39a7d70f31500000000
264c0f45a99f5898500000000
53459b9579d9e83d500000001
e4cc8686daad6de3500000000
afaafa4ba0a05e3e500000000
4edb0f1630333996500000000
900d99390ab3442f500000001
1010520ead0b966a500000000
267896b57822cd13500000001
09e287f6f5942f6f500000000
d87e3ff400ba7715500000001
22d83a59cf05060d500000000
5f59809599755f85500000000
544fea5d9996a090500000000
b2564cb9888d8a93500000000
12bbac94f28900a6500000000
024d81c0232c5204500000001
2c0622cb4d9b5427500000001
91726e8d1a6c520c500000001
5a902b16bb642fc9500000000
137c7183bc7b44f9500000000
493676c319387f37500000000
43ce23e4abd0b1cd500000000
ba2164650dd439f4500000001
b6a76423ba697871500000001
051ef180c0a1da96500000000
d5c78b88d4ae6372500000000
1b51061e4cec1026500000001
6653782ba6d088c0500000000
6c79f598fbb9f91f500000000
07a1a610d93cd982500000000
1b9c3dd206d9f45a500000000
bde6cd410e2c63dc500000001
b02ad40a7196f9a1500000001
c9f1f6c3a900db32500000000
f80ab2fad64cc065500000000
e3725f6249fd6ca0500000001
4cfaec3540da4ef0500000000
a832a799e3d43d6a500000001
a8d1853a2e821e2b500000001
3a30422bda28d5ce500000000
c281121f4b3831ae500000001
e8db8ddf8d45c3fa500000000
9750b0db73c7593d500000001
c80fe0f2c9d7efda500000001
47ecd8a330240c2e500000000
d836bfd50fb00e4a500000001
54b25c58dad7fa7a500000000
4dd58eac3294c4ba500000000
90693d1d1168127a500000001
9c8913a6c5fdc94d500000001
7745781016e01d3c500000000
d4f0a8a6e4c8ae53500000001
c129b69783ffc57e500000000
868456ba54bdeced500000001
e234481cfac146af500000001
669ded750daca0e7500000000
63af6d3db4b0d05d500000000
faf9bf7c7e2e79c8500000001
506e86b850b27709500000001
221e8d7d9ae6cfa5500000000
dad727d659ecc6da500000001
b0745d7b5fe96c8a500000001
522ae751b2a5d8fa500000000
cea226ab01cdfd53500000001
ada2671826717573500000001
73dbd1d72699daf7500000000
87a5b5b3ddedd8f0500000001
f32eddf8c2a45160500000000
8a537539f8a6ec7f500000001
1a9aa1b4aaf5bfb9500000000
707005df2c3ab456500000000
4dc563202b24ed14500000000
f57c174ba636be19500000000
6ff2e5a6190ff580500000000
6669d64f95631176500000000
c3fccf97f66a6e62500000001
c3fe3264b613620a500000000
1467aa12e99bbddd500000000
ae1214a48c988de9500000000
ef1060042f85342e500000001
94a4de5e7f4a5d17500000001
46f1db765df0d168500000001
eeb63dd2d00aa094500000000
1094052848d91572500000001
7d61acaaba4944ac500000000
32a66add00262e46500000000
8e01b344f0b6f998500000001
66b503261787b709500000000
e197f816127d614a500000001
12a2ed3593b7c514500000000
770ae586d00ff89f500000000
49d1d3267f98154c500000001
1beeec362fc84181500000001
d83c040557cdc2cb500000001
a63a49566b3b7144500000001
5a0b18329f8f8e80500000000
88393fc974c2e0cb500000001
728c2dda76aae3b7500000001
0f513f282f1eaf78500000001
546929ac23dd2461500000000
08abc89e99b59aa0500000000
1962ab5b06fb22ab500000000
d96cb05f3fd0ed29500000001
c80abfc417c94a28500000001
4be17f7d39076216500000000
0485022e34b3be1d500000001
e1a6a9a2e314229b500000001
115b884836293ed9500000001
3e7556bfb89beafd500000000
d93e0cd42fa4717e500000001
92ff7fb7858d3675500000000
7050a56afe1760f0500000000
c7ee27ff9ebafbca500000000
eb0dc9d018825ea4500000001
93cc6793cbe2b690500000001
ebec4a05bd9f2407500000000
11a2bca4c2a46a73500000000
84fcb6cb9f65c21a500000001
afbb4cc6dedd37a7500000001
d89f61cc7e0d3a05500000001
79cbee2ca5474997500000000
a1011a55d3da50dd500000001
49ee1a6d684e0c48500000001
bad91ca50828a525500000001
9418f18f2747764f500000001
fd6ecb43a35db995500000000
87389119bfa2c977500000001
314860fa9e90c2ed500000000
cb068ceed4c47c21500000001
7375f1f4dc69ab5d500000000
2182cc5275acba7a500000001
f65baa65cd5ac974500000000
7ec93dfa2e31da8e500000000
2afc123bdfcecaf5500000000
33917f984b2dda29500000001
411672261ce800f0500000000
ed4c4b755a8ec3e5500000001
d007a51e1bfd24ae500000001
08eeca62f9b0826c500000000
b360902cfcc6c749500000001
540f0c34e8ddd08a500000000
700436b3a4e4c940500000000
be319102d0f83bdd500000001
4b027195070598db500000000
4ac3809b403adac9500000000
ee4c0920ec0b8ee6500000000
c9bc5a4cfccf4a1a500000001
d4c8db41d2dd080d500000000
be398e1413409faa500000001
f5b222c6fdccfc09500000001
c1341f26a6cc0b3f500000000
beedd5a2ae7b72be500000000
4a86e712ef3bc71e500000000
b4659bf0ce4129dd500000001
efe1c7fddc8229b8500000000
92222a2ef786545a500000001
b7cfb64f57d8c014500000001
2cda2ece09065210500000000
77193b2f58024273500000000
87875d503590d6ca500000001
bae24e59664dae40500000001
84e11ce0f381997e500000001
3c91310cccecfe83500000000
fc62a4e961ed1f2e500000001
7bc8c50e08b63d97500000000
1e4b49828efa2a03500000000
d75261794201870a500000001
5da195a7d50b7434500000000
f37b41ab366185a8500000001
07ce731c44d8aa91500000001
c30554fb98c16914500000000
adfb212484b31d7e500000000
b720c1638dfa8ec0500000000
09651464994b9a95500000000
811a9ae57ca1691f500000001
81198137dbf0dd79500000001
4c9eb5b86957efec500000001
16b02b7ff197e877500000000
9d01bc3e352d0c92500000001
5db09523efc84f40500000000
fc4529aabdd02b84500000000
3bee8d66f5769f4a500000000
6406bbc1e36218dc500000000
a88f02b79121b0f0500000000
225ef4632e5303d8500000001
266e93aa2e98d2c0500000001
16afc2e214b29b77500000000
d90b994c0c68efbb500000001
c930babe77ae2f79500000001
1e54f4c511bdc95b500000000
47e7eaccfe6a4eac500000000
a9acfe1e0bff58f0500000001
0ed63ffcc98b36f4500000000
0f860e7779d5d649500000001
305917ce794003a5500000001
c6d134231047237d500000001
3f93dbd883e93e14500000000
bf44874df0cb93de500000001
29d6a95bb3cd58fd500000000
a2570dc5fb8b52b2500000001
aca3b40bc11a317e500000001
a3a159967a9db1fb500000001
2c9ca1c979d69310500000001
77298cd88729e335500000000
40aabcd2cc101865500000000
52bab88fa132b8db500000000
5509229dc9ce600a500000000
e8c7898c4b7cdaa9500000001
2fa32a9d42734111500000001
6545848bd26b9fb5500000000
c82a9a692c6a31ad500000001
14602ebb1c70d71a500000001
c719d65b9e90e341500000000
e7aba38bbe8edd41500000000
9eaa4fc292478933500000000
ecdb3ccef1dff577500000001
747353756f2b202a500000000
c75223a4aeedbe4f500000000
ff02d524391e80a7500000001
7ec213ce84f4666e500000000
7403f467684d6272500000000
f3e053de5308bcd3500000001
b21e1911db947ae9500000001
81220a1adfa6e6d0500000001
655bf15f81a5e127500000000
b797b5dc014c2e19500000001
f8ec6ad71af3ee95500000001
80f07818c2eb7be3500000001
76c18834d86c555a500000000
81e64406a60eccee500000001
0a7b087323bd518f500000001
d2e4a2755e4e7636500000001
b959aea97ff8b5ec500000001
a0a2993ef8c3ae3d500000001
b28a01dd0db4d76c500000001
cefeba54b55a0310500000000
6ef70fcb01c2af17500000000
9267dc34e7c52727500000001
3da4873b219d301a500000000
8e95ca4eb24fcf82500000001
a694728221feaf23500000001
901158fd1cd064c6500000001
320abc9062f36ffa500000001
47395eae21281bdf500000000
0a2adc2d791b2db0500000001
6ba66e4b9ae3f4ff500000000
940240ef6d9ea6db500000001
5a8611982439c465500000000
ab585a0ef10fc9b3500000001
625068bbf549e71b500000000
785b36b7c4ed8088500000000
33a3b14a8e883d45500000000
884b59b7cc60c456500000001
3778175a83bac8bb500000000
388a507cfcb2653b500000000
6dcecf97c939c1c2500000000
a3119fb25fd8a030500000001
83c002ddf340ffd0500000001
3a50568aba2636ca500000000
920b7727109004ab500000001
b3d6c77e1f4ee373500000001
366f7e1ac465e7ac500000000
1eedcd870af5dc6d500000000
de228ac40eefb296500000001
579ce315b6225d52500000000
8fae33fda96efc41500000001
7d096f86e66785bb500000000
82fdcaecb4f11cdb500000001
50744cd728295ebc500000000
26b91ba6f59a0323500000000
b2c7e5e0211bad14500000001
add257b8f7730c0e500000001
efb331eecc299fd1500000000
7f66c84623a7848a500000000
d9aeda800d0c3438500000001
80cc4d7cace39412500000001
fcdfcbd71774c92c500000001
2ac0c8974f4d4b64500000001
4cd3e67b1a408658500000000
c516807a8eb11552500000000
6c039a09110dc25d500000000
9032c4a992dde4f8500000001
e2e99bd9e69c12ea500000001
36ae0f478cc25658500000000
10d2103be7fe6c53500000000
04790a5ecf963d6c500000000
9e5c313a53a398fb500000001
f211e4670420e4da500000001
3d508fc62b1c8b59500000000
81626f47b742618d500000001
6d8316dca797af76500000000
7e504b281758de61500000000
d2bf390b9f90ead2500000000
e2c38af75ff0389a500000001
959d29dc604aaa5c500000001
7906a8a49be31d74500000000
e83de10a96118631500000000
718b97aec75ba5b5500000000
4da2a7d4199dedc5500000000
7a6e40e7dbffce0a500000000
a94ef712bd6dbcab500000001
3c0fede27daf0a57500000001
bec0e67680018759500000000
5faaf1ac020a49af500000000
0f5df83de156a49c500000000
b2ac7073cc3ffca7500000001
e2918e9913690873500000001
e8c555eea32a54a4500000000
fb6091d6c69ea718500000000
0c325a3600b82e82500000000
f942c52ee1717d5e500000000
e691342ab385b924500000000
e3ffe84e73d6af07500000001
0207a734f2cab10b500000000
abc90327d2e46557500000001
32909d7376dcc440500000001
e6a49fc86cd6cd73500000001
468870dc9bf2a181500000000
0ea06b148d6b7d67500000000
96586d05f4212990500000001
b14477ad2d12e4cc500000001
887a687cc731c547500000001
695f757536912b1f500000000
1168b2d047fe17bb500000001
b92c4ac63d45c8ad500000001
022028d67e3df5c6500000001
9440abbe5ff939f6500000001
18fc1d3379531259500000001
7495b62e7fd42925500000001
95031682224d34a3500000001
3f0aa5e392668c0e500000000
c123498fede71713500000001
418cde7fa0f05809500000000
ddb584ab9dbfa777500000000
648d7c428d598835500000000
afdbe51bf1486067500000001
73838833e847d37f500000000
51e20f64e58b618e500000000
17c6a07183dc9098500000000
9c96d19c6f044ca7500000001
0d3354dd0ca321b9500000000
77f1a54a5318f198500000000
6801fab7ed3ef765500000000
4aca277d314baff6500000000
40609fd319d6aa6f500000000
7cb25ab09bcadc71500000000
e193950da8fec576500000000
cb4a0870428af7d1500000001
4ea50c02d7f76ad5500000000
98429a1046fc93ce500000001
a16bcd38b69b2fd1500000001
b8e8104e058115ad500000001
a00959cf23e7b7ef500000001
102acac75e4d67f3500000001
24b47d97798297a1500000001
c9e0f69df8cabe8c500000001
43279b1594bc5aa3500000000
918358a6e3734a88500000001
0da3c739a44ac71c500000000
94c6b6b9d3f26919500000001
49b57988f66454ab500000000
0ab93f5c5b5d51e6500000001
03d30d0f56e99a91500000001
3d15e6fc05c2ffff500000000
8415f77ff63a0a28500000001
c094a2a3706d5bb6500000001
07d8ba3ef9ed3f5f500000000
81e22da2d02f7077500000001
55cc4d9cfeea5b3f500000000
9b7103f8f2711f32500000001
b39716b8928cedba500000000
158cf7ed2aeba2d5500000001
3f57a2cf95f7c2a2500000000
de72d6abfd17f9e3500000001
a9e7d5794d79dfd7500000001
2ab96a8bef351e80500000000
89be5b08f8f2d8e9500000001
5d18eeca18222e57500000000
2786ce3e734ac5d4500000001
6804acbfb3066bda500000000
87c9e17b275cf48d500000001
a835452107260522500000001
e20db2d041578e35500000001
461d096c547ecc44500000001
fd0261911edd10d6500000001
5e248f7a2198b0ce500000000
a5c6c37439a2fe43500000001
6536c0d2422a2ca5500000000
72eeed874d921c27500000000
afea1bcdf8cb480b500000001
bde47066f66aa25d500000001
117b4787f4e6c80d500000000
05cb64d1c0bb81bd500000000
58e39385ed1251fb500000000
514268cc86fe7595500000000
7227db2dfa05389b500000000
f1efafa93e68234c500000001
4d0a40cdf35404f1500000000
3a3074ba5ede443b500000001
6e5a21228de43c64500000000
5537abbdaf4817f6500000000
696753376df12385500000001
8694637531692225500000001
1cfc66b7f3ef5561500000000
c1a27a4b5a065bb8500000001
a21581e77a91c225500000001
c0e7284a1c781e01500000001
70c59f26127d024e500000000
2cf59b4e5ec310e0500000001
be114e46973d88fd500000000
df53cbfeac5fc649500000000
e455cbf44a786e78500000001
b8dbdffbb1b29118500000000
201f0438684e5019500000001
4b073056e3d9ed74500000000
b0ba3f36220b36c6500000001
0a4526234726c281500000001
48783ba2c54ed29c500000000
630449ee6ae685ee500000001
cbe0c5701df15550500000001
06f0fbb8e52b9a51500000000
4618802ad785776b500000000
a3157071c2756898500000001
0134fc1b75a3395d500000001
4f08f4bb92e46137500000000
bc67b79ebd96532d500000001
7710214b639cbaad500000000
be10aac4f18378d3500000001
3ed847b519f3a151500000000
b6a183374ce14ecd500000001
28238d0f04379346500000000
a11a89318f2f7391500000000
ca29ed54f0521d84500000001
10040a4cc5746b2a500000000
47e9c19f4b42e57b500000001
54c30ea5e64b3cb4500000000
e24a112f9bf43b32500000000
11a74f45e8fd1319500000000
6949ab213839ed4d500000000
feca0256fc38c777500000000
178d4b63f4f36dad500000000
f48b1b8534a8c8b8500000001
12a9d0fbbc7d5ead500000000
8b1a6b672df1f530500000001
73061c576af99b72500000000
aef338d52f592174500000001
4924be8d90694b64500000000
78bbed5363e59942500000000
dde7a73919bab085500000001
29a2f33540c501c7500000001
e52a5b6d35d2a05b500000001
185e3ec75d1e539c500000001
2ca54358bce2e058500000000
395a154c8c788a48500000000
89bd5fcf1e6a2e8f500000001
4f6babc01c980644500000000
786773d94a1fe798500000000
0f40d6cf78f48d27500000001
4d316d826b27c1e5500000001
014d9d44f944f23c500000000
1f38f9bac5616caf500000000
a887252689655287500000000
8ea84cc4f28d8ca6500000001
76537b756bf4c986500000000
0680c9bf9c4d0f1a500000000
c22d4d69a2455357500000000
1918921c4ac0f2ae500000001
b2eff18f605b193b500000001
682681b9b8318415500000000
df527e4b298b0a8a500000001
18eeba07e661220f500000000
59f0607fbcf51615500000000
0ab7b6c3881f8e2a500000000
eff8041d656030e0500000001
9d8b91c5db0e1a89500000001
56b6a476f8aff667500000000
2944f627f7ae775a500000000
e4188e1700922001500000001
5afd5f1537054fe0500000000
2035b29be57d9424500000000
77fbd4c2ae63d3bc500000000
5d08472d2c1aed74500000000
d191be735142a0d9500000001
0f717f921cc296b1500000001
c4391601472b451a500000001
e38d5f2f1a8f2b61500000001
0f75a79006559913500000000
adfcd95b136dad54500000001
b9d9812a8c1895c3500000000
c202fb4493c618e0500000000
de4805eb002e5c29500000001
77a2236e255f9c5c600000000
a59ece192be16d81600000000
964816429ecd5313600000001
70f3252de4cde755600000001
223d3f715d320b2c600000001
8af529fbfb03923a600000001
86de1896b26234e4600000001
587a7a9266ddc20a600000001
bab6e8159c08b5fe600000000
e316206e75b73c13600000000
825462690125b4e6600000000
60edb72a188eb427600000000
82600f2f978281d2600000001
bccdc276644f3981600000000
4d3b0f64cd4e7a55600000001
d33cd6e663718f23600000000
a9275f09193e9dcd600000000
b3e61b6dd80d55a0600000001
986c5bbe617246d0600000000
1140464855325522600000001
a59066214993cf03600000000
dddf28674cdfccbc600000000
ab1a623c922af68d600000000
d78fe37cf49ff840600000001
2538cd08f05f14bb600000001
74735e93bc1330dc600000001
b7bb09ff984ba21e600000000
f26564dc0264e82c600000000
1550a06ecd3c138f600000001
346f28cb11aee858600000000
3d2c6084c912cec6600000001
4111078fdb4b0a01600000001
a5e3388055c25fd4600000000
690e8c2f9c3a209f600000001
ec60d346198b0ed2600000000
acd4fd593dcefcb0600000000
b213c20ec52359e2600000001
e7fe098d7300cfa9600000000
dc60bea6f24f5453600000001
073badf62fd639f6600000001
6c70afba2ae6d6e5600000000
a65de7f919438fcb600000000
b9430c349a9576a3600000000
e765688d7fd85aba600000000
346d9e04e58560d8600000001
7edef6955d490b58600000000
e64f1a036d5fef58600000000
2fa0477b390cb3d6600000001
0af27a51ae61bcd5600000001
6ca2f8823a2e8434600000000
2cb29120b34ef8e6600000001
08a884fe11cad08b600000001
64e0e816055d8ea6600000000
a2a5eb6b9dae9b17600000000
a4f79021f1bb88cf600000001
db3f88565eb105d4600000000
481a4ed291c0b6e7600000001
46c71d20806bce99600000001
e74153544869be47600000000
0e25bf384b28209a600000001
98769af34a48e7b2600000000
22f43819ce6b790b600000001
c234858d44640310600000000
1dcc6888509a1878600000001
d619bc9eaef84c35600000000
4a9a522689beac56600000001
ee691d359efe4c1e600000000
a1a99a789dbb8e92600000000
c52f859c8bac8243600000000
33f5303240d2f29e600000001
abfca3692c600748600000000
a817ddbec9a17d64600000001
6675cb91deb4a118600000001
8e0c71c2bc46eeca600000001
896427e850a8b3bd600000000
d774f27694346d65600000000
ff7adb073e58f40d600000000
d1df3701159a852a600000000
7f97ea4e25184d09600000000
19d6cf8be4fc0cb2600000001
a1ddbaea29084189600000000
f908bf3e995d9789600000000
36fcf281537102b6600000001
22825b765fa2c200600000001
30abcd221ab5fb73600000000
16e76c18f24157fa600000001
8320497702b29498600000000
3394f27dbdaa4628600000001
e2c3570c90df79c1600000000
e4268b8560b34c1c600000000
df05188ea574f74c600000000
88500e24e18fabd3600000001
72cef032946ac9ee600000001
aaa426daa801a745600000000
67dcde2e9d2d28d9600000001
905a3a0f3242a15d600000000
0ffbbd53f06448ce600000001
8ca2755a01bff967600000000
8f764a0aacc45c20600000001
3796373016f952b9600000000
2e20581b73db20d1600000001
6ff6bf5322bdcb2b600000000
e6724500f2f75cf0600000001
fe36a34f6479a44e600000000
b57c7cd04a29b35a600000000
541ce258764fb47d600000001
543c56c3b7a9ddba600000001
ed0c8d5aad486d66600000000
4444eff31781c564600000000
99114ec4f5155867600000001
b8d4419d7baf5a69600000000
481f634b2a0fc619600000000
ed3d2745c7acec40600000000
400eb273d43ae36b600000001
fdece443c6a18902600000000
b4bad7b97b4a6f30600000000
87107cebb4ce98e0600000001
93c8660e64639a00600000000
e467d788c9269b18600000000
db87074af67e3680600000001
0b02fb86dae8919f600000001
51777a18652136c0600000001
025255f63ba2d669600000001
6c1448defb701e83600000001
b4a3d4516a96e588600000000
63a7f4c9d01001df600000001
90170fe3bc2fe159600000001
29d9a4f00a26fc8c600000000
3497b6dd56e7e197600000001
54fbc45ee377f8c9600000001
4151b580adb03cc7600000001
b67279771b579c37600000000
c7b9f4c08bbc51a6600000000
4f0d76d49d16f69a600000001
d670e267a914f4ff600000000
59cc988f8e1f7656600000001
d513d678597a7ef8600000000
b39a466b7121b531600000000
801336563f0c5512600000000
c4be79e029e90ee2600000000
c9f0cd75ab77f72f600000000
386ff16adcbfafa4600000001
e5fce33a2812d0c5600000000
578a664cbcc03b3a600000001
0ffb381753b63020600000001
fde49d545c23d216600000000
fdfeb0bf9fe20a0a600000000
a9ccbae61515a19d600000000
0b267876ffe45cd0600000001
0318dc6db0f5fe9f600000001
c80bc8b0b5c16052600000000
b0fcaedd219db9b3600000000
d77ed3aacc55286a600000000
f5ab1a334b6cdb57600000000
a09530759b8cf734600000000
d00ac5a1f23de0dd600000001
5da9917f46609e65600000000
6808f2792c1bd097600000000
9debebb598adfdc9600000000
4ed66e48a6987d2a600000001
a78cafdf0d85a07a600000000
e1f910e3c0c26c4f600000000
7298acc494ff3b0e600000001
e3dc099492a120ca600000000
c37a5c39c0daa1c7600000000
42c796c5078b624b600000000
1162f628f4d65003600000001
50e47ae834375489600000000
988548b07798b123600000000
94d0d0d81b990432600000000
2982e58f881551ec600000001
af6caceaae3a4330600000000
51882319bf187ad1600000001
6234b0d6a4673698600000001
1ce18761045df227600000000
b5bfa617024a1be9600000000
3fd4702387c8fee7600000001
33ef5e635d3311b7600000001
e54327b8ec7078bd600000001
5568ede442921fcf600000000
cebc2fbc9ddfac9e600000000
0edfd252f50d6bed600000001
81064f319efac14c600000001
a54bb1e426ffedfc600000000
b45a5fc170611c1e600000000
76daf5a02ff1647a600000000
2c24a26397658f35600000001
8b26ffc959fcb4ea600000000
e222202162e1eaa4600000000
4b67bcfab654c797600000001
681919ca098ba97a600000000
a9f2aafc438f68c6600000000
5a016a71bd937497600000001
a6456f7a26018646600000000
6add4ee683491e2e600000001
29fb5da4813e936a600000001
7a653e5c10961280600000000
0fd1657fb62cf145600000001
147bd92f2ff15472600000001
6e1f5dee13e0ced1600000000
576213e819ffcdaa600000000
cd7a7031335d48b4600000000
0dac4428195e4532600000001
58b2952cd9f658ce600000001
9a3a35bb05f8c32f600000000
91f1443c3d0d6632600000000
9eb4bf0d0e7b8ee6600000000
93a72c308e0f181c600000000
f6eb05fffb07c00f600000001
3951d4f8c0dbbb40600000001
818dc3e84d80da14600000000
1349e3f980e86908600000001
c395a527f71c284a600000001
8c68e81459431f14600000000
f73aec3f616f72f2600000000
1d8d333b4677329a600000001
89b9c5ae6d153aee600000000
44a55adbf6000408600000001
6b80ae22ecc429bc600000001
ed89da4a5039b2d1600000000
3ad3416391097123600000001
21ef595d5b2c151e600000001
6757596defe8935b600000001
45690bce8c821c4c600000001
c52170ceff0c435e600000001
b682abe6a0c26d42600000000
4369f638003cc7cf600000000
d6c65fd276fb62cd600000000
3c24f5c2f9bc3001600000001
1038770dc2ef78bc600000001
2ba1f06b3493b94d600000001
93b304db79cac49a600000000
c5e64a920cec4e7f600000000
b79ff00bd8d264ad600000001
291588e5ab11d00a600000001
648dbceaf98b268c600000001
d1b3b7862042e512600000000
a253316f803775e3600000000
c47f3b5cdcfb4f00600000001
270bd33bceef0399600000001
cd59885b219adae2600000000
2bd094f59e1d68e0600000001
07daa154035650ef600000000
7ad186abeb2b21fc600000001
a56b54e2584d984d600000000
a244f1349b492e7f600000000
7c7297385471bac5600000000
2eb09bd6e550fc0f600000001
912954693b7551a9600000000
7957f152ae93cf5e600000001
003d9b13b9ed33fc600000001
435595000cfced5f600000000
624ffeef0bedd05b600000000
bb7c5e8fc8e1fb57600000001
f91d260751b23a6f600000000
fa514043ea322843600000000
9161e0c3cc081932600000001
5a595dbbce2c31bd600000001
db83cf3ef9343819600000001
ccc0a2061fbf3a94600000000
f5d050faa0283fdf600000000
414fcdcaad8acb4e600000001
ff6b8ff3aaf7fd37600000000
97af231012ab47c1600000000
a50a8a46e0154a65600000001
3bf80eccbd9738e4600000001
ec1c48e0852a6171600000000
25072af217f24c1b600000000
b0ada4a8dbceca39600000001
ed20a4af39d7818e600000000
cd7f49d9bccb0ad3600000000
369e3c28aded1a95600000001
faded3f8008ae5a7600000000
d75b5eea49e7dd48600000000
fede9d870f05fd8c600000000
ccf7cbc10bcb6a1d600000000
f2fb7abe51d236be600000000
37dc439321b76bc5600000000
365b4423623c101c600000001
3d341d3bdd24bb3b600000001
79c0f97974d0c496600000000
2df8a1c1681d92d5600000001
e74f18f9dd4079c2600000000
d5711b837a848f37600000000
57837374ba43e86e600000001
419919d516f4f4b7600000000
22c6448ce1d4ce83600000001
34edb27c25292a89600000000
45e90b9c7332b66c600000001
5064fe2ee6822779600000001
b4229f20e63f3809600000001
0f64cd2943f315d5600000001
8f00b4f510d23f3d600000000
cf2ec3f6da226daa600000001
3dc6290d9adb25c0600000001
a1dfad35da9155f9600000001
4381d67db796d6e8600000001
e5092150d2fdace9600000000
8026cc145459e41c600000000
5de424e6a46178b9600000001
ec32eed412647007600000000
8376775aad70f74b600000001
62108521a4d067dc600000001
2fe26eb7a9f28617600000001
1bfd702e5a28b104600000001
5021270c37796680600000000
0626bc1b75ceb8fe600000001
dde780350d8df269600000000
e5bc92940538d43a600000000
d73bccc9b6ef199c600000000
7b74e779f1e17f8f600000001
5a76398b7059fee4600000001
49a6e7a28a2d4add600000001
231c0d12ba724544600000001
49b14be9f20a526c600000001
4f48a102125070e1600000000
80daa02a258b5e41600000000
30a988645958a4fa600000001
8646f2fe9df88531600000001
7f7cd630b9fc2cca600000001
23fd24b00959db53600000000
9411d3a4efec1fc0600000001
e7dc14ae4b86aecc600000000
c13de33b6dd2a2e4600000000
8aadb546d19381e4600000001
3f3bf2355955d04b600000001
b7605d56c34177c3600000001
3d21457a90311f5d600000001
d92a71a26dc351e2600000000
4709cbd4ffbcafbd600000001
3198f6c2b18697d6600000001
c74031ef0443e330600000000
35ee8885b5e807da600000001
4784183b61b84f44600000001
b262e47348fdad96600000000
6215556a6fba28f5600000001
64ebd984f03613d7600000001
ea3dfe0fe8f718ba600000000
de1f5d553f2cc1a6600000000
fdef03134a3a3f38600000000
8f051128ad4da7d8600000001
60c23d9afb567770600000001
96ff75108bd08ad2600000000
68acd885d6e43bc6600000001
f74650a329957864600000000
437b8dbe35a1172c600000000
d397d1f913537e47600000000
c97a9cafbcde7a52600000000
476a77c1b8215a31600000001
c7b4edbea54356ac600000000
b150907fd1f722d3600000001
cc045f2ebe1e5617600000000
8437221df9561a1b600000001
2480b90f3deee90d600000001
7b8965e5cbe88418600000001
f477d495eb913609600000000
e8355fe22944ae5f600000000
51c581c2fff0b78c600000001
a60b7c1b4c7d3d7a600000000
075fc7b9edb0967e600000001
b8703b2349be4e09600000000
951f7dca3b44e7bd600000000
637f00f19b816ac4600000001
457556d265ab6628600000001
1545836e05d0c089600000000
3d1b7751099b7d94600000000
6db81bdeb7f253e9600000001
6cb5477e56b71687600000000
2780be211b94fa3a600000000
b1ddc939017585cd600000000
029c1cb0f9da720a600000001
2dbc0471a8fc615f600000001
48b7f3a0d48b9546600000001
2d34973efbea49f4600000001
d00a0a93bcdf9993600000000
f3971a2fcad6d759600000000
78646fdf4addc145600000000
55ca3d45a1c0c4aa600000001
d7d83a062548d4e9600000000
c1dd8e085d46ab1d600000000
a67bc4b8fb9e92f3600000001
ec5b2b247f9b6367600000000
12f0ea5e97f70d07600000001
978b99d602e34771600000000
449472de1207f927600000000
f78ded69a5df5fe9600000000
1093f7aa302e996b600000001
e2781ed2ee682acf600000001
ea77fddd2142f9de600000000
0eaf3a6261e8ec6f600000001
e280dcc4fc6fbd49600000001
817fcd381e2f5779600000000
e655916aaa9d256f600000000
77df3ceacfc1e6e6600000001
fab7a1f32acb292f600000000
50d35b5b0caa8284600000000
3155c9a8a0b8fa61600000001
a1f654dec4fbfbfc600000001
f9b7bf89515d46a8600000000
4164503bd19f77cd600000001
afc3db34e2f02af4600000001
43e495228f38df4f600000001
5f39236f8942d27f600000001
9d46491957dfd1df600000000
c512aef15660e191600000000
7ec0ad7b3e657a49600000000
ee32e3cc2f0a05fa600000000
a780756470b8ec44600000000
090bfbd6bd529daf600000001
9d632dc8b2cd8b05600000001
08f8a6fb90fae14f600000001
3dc85d6777429cc4600000001
88f0b1ac60ce507b600000000
68a91e0079330593600000001
af9ede1f26bf20c9600000000
686a4ca576483c79600000001
cf4f0c9a8d1e9d2e600000000
8d91f731215dfb29600000000
97c86e54520c8d82600000000
9d57b7584ad13d9e600000000
809891a0d845151d600000001
885f290cfc631e7e600000001
01908298c3ad204a600000001
2626ff637637bfe5600000001
4ffaa355fddd5d59600000001
3a726b55566ec1cc600000001
312f90c8cc099b15600000001
b13f07e6fa72204e600000001
713ea9c15989b8cc600000000
295a2ee6ac7f580b600000001
a7ae5e20258a5d39600000000
2d270ce3caa319ad600000001
4cb58bb029db90b2600000000
3356f9a430938713600000000
ad854b2d8e67a814600000000
810921964b23bf6d600000000
0366aa2290c3dc1d600000001
b4b6da90b45d5689600000000
2ded981b9e1bf9f7600000001
42e588e51ab5d7df600000000
1a5c675a43733f17600000001
98a02d3adb9fd6e5600000001
8e7b2a197b5f233d600000000
4052a0fee735687e600000001
fecf18a9a71c2bfa600000000
6615c68adf15504f600000001
222c61f6dae29055600000001
cd039ac2a15e5c22600000000
833457fe4ff4bf5d600000000
771c86202c26541e600000000
9b11e57f390e2a2d600000000
793f9a84aa528acb600000001
6ece92ee7fe97523600000001
0b3036b68f479813600000001
cc4117f21a79a62a600000000
8ce9b553b3a0b9f3600000001
b6aa86aa8c6f99e3600000000
0f08aab259b499b6600000001
7905d3706a0f1fa0600000000
57a83c8ba76c2911600000001
86a102ef70330121600000000
b1e4b8cdeaa98d68600000001
419b8a4e96928006600000001
bc0f285cdd42c501600000001
b2151f1d6dd245fe600000000
1234ad9222ec46ca600000001
dbcd2f96e655b9ab600000001
a011e192ebff72fb600000001
44dfbd6bd61d94f2600000001
e49549097c138d4c600000000
0b5033ab0519f74b600000000
930a72bd33e8177d600000000
da5c78f6bb847981600000000
b98945c6435c4559600000000
e9c0100713a93c16600000000
7c546cc857392253600000000
e9ffb7aac7247d35600000000
0bd6842361d72e3b600000001
d3648e3fc7576aea600000000
3123be78155363a5600000000
a5aac51453d44b50600000000
fdd95d7f6b0d567c600000000
7fae0280d15ffec1600000001
d887aa6e359ba345600000000
ae8cfddddbd05907600000001
d86db2fb19fb139f600000000
0106c0f422d2d832600000001
7c86cc1b851080f7600000001
a6834087b8c485b7600000001
b9ab543bfce82cc1600000001
f04a53391da6abc8600000000
2e5b9839f6d8188f600000001
8625618687b4fb69600000001
9f36cc1f28f959e9600000000
6627fa6405be25cf600000000
eb0484a1e4b72e2d600000000
81115c742519c4f9600000000
12e7407a8b7b9859600000001
a431ed95fe3b14cd600000001
bebbd8738fbf013c600000000
b2fc9098a3ae243f600000000
7d387b9adfd5d51a600000001
77b6a8a69ece7e3a600000001
daac57ec72218f9d600000000
b3c78ad372ba9f35600000000
b47ccb8ed83f0098600000001
d1914c9b5ccee943600000000
1a7836133c33c439600000001
b3290d45b0d40596600000000
daf7e8f48059f2fa600000000
bbb4e7acb0e61ea7600000000
f1b66eb2bc1d74b2600000000
6535fb180a181a93600000000
c179e905ecc24ddc600000001
c3de7a4dcf1db79c600000001
bf3de8d70826873b600000000
839a85a12f3910ef600000000
7b5f12075a52ed71600000000
ebf35449d222c326600000000
38127692be438ffb600000001
5142d48f91bc69f4600000001
2b3a629f279d4176600000000
d8326804fda7aeac600000001
d5effad4ecf5f0d0600000001
5b559822d98f4071600000001
66684d2c9bf181d4600000001
c9cbc72ea463a31e600000000
a3d1c368b7dd8ea6600000001
6e5deae4265e8651600000000
f37a61f156409571600000000
87ca42d4866d4d5a600000000
180c33d2b55e94da600000001
5e17893d50eeb06c600000000
5a6a6d1aa797143f600000001
26b376b0974b53ca600000001
a03e9a963df6998b600000000
8d8bdd84718eb82a600000000
b415241d3e0e74d9600000000
e8549e92a94c9722600000000
364acff592f000d3600000001
470b722b7bf4b95c600000001
a359668e552b880c600000000
bce7b6aa16c14992600000000
b08fdf0a74af0fd5600000000
0de72080196b9606600000001
c9e9e13ab1b888ea600000000
3e1859a5b3185b13600000001
12a53a69c41b3d76600000001
f7bc8063bec6fe58600000000
1d46acca051ccb14600000000
f261752a1532d684600000000
367d33d94dede994600000001
34c84e48baa80cff600000001
e9f8357f15691c46600000000
ba9bf0b90b28355e600000000
f55ac8061ef709af600000000
0a16edc0216b9d22600000001
aeb2f709d7555fdd600000001
6f2a9a5bfe29b438600000001
46d960518e6f0f7e600000001
6d474f06e3dcd27f600000001
cd4c5c92de9a1d52600000001
77697e79472cc8cf600000000
ee620bbf5614ed49600000000
eff0dec25d026aea600000000
9adeced6a4d5e901600000001
1eea5aa2a36fb60a600000001
21bfab0aed3a2c68600000001
89ec4e9e3f598020600000000
d3f3ad7c3ba42c86600000000
fff8932c619a6144600000000
b7bd4049c5117e7b600000001
003e5b86449992cb600000001
e81843dae6aceab8600000000
9788b38a60df133e600000000
20abb3d439b784c7600000001
b38028728920fcc7600000000
f02905db63624b73600000000
4614969bb9535a52600000001
92ee17f92b46027c600000000
a0e733ab115d0ebb600000000
9ad2f58dc41cd4d1600000001
564fab1f033b29e5600000000
8c9c5018ef4bd883600000001
ebcdff7c5638bb6f600000000
8d2a665c0000c630600000000
2b2593cf36ea7229600000001
9242dca9ecba6710600000001
beb036b5aba96705600000000
13d53ff5016d6414600000000
dcc3ae0c9e01b5ed600000000
79bca7d146acb889600000000
36ea879dad98c1c9600000001
390b985a505af534600000001
148d8c06d50ed5e5600000001
d98d82dea055767d600000000
d1bb200735b28c73600000000
6a0e59ec44ff1956600000000
fc77161548ffedf5600000000
3907da81561eb488600000001
00d9ade062444639600000001
d4685acc713a247d600000000
c2b5af215c88e342600000000
2e89f28deb60a660600000001
51c2105c6bf60945600000001
14849040b6d4b6cd600000001
8e83f0564ea6bf13600000000
882b607a84f224df600000000
a1d610132451eab4600000000
d7aefb405aad39d5600000000
d8da96c52aefc73e600000000
57e49aa7453b1e72600000000
6b6c2e573266440e600000000
26f7b5ec88604ce4600000001
957be3b74f083471600000000
6341418397e3ead2600000001
b21c92001cbdbeea600000000
4dca60480c029f6b600000000
5c435244d2b98dd0600000001
a681a7322e9eaf2c600000000
266fc051cc069ecf600000001
3c9577c34c0ff217600000001
8ece23628d03af02600000000
aa313599bdbfcc0b600000001
1f3041b01d150230600000000
6915d5551c49dd8c600000000
73fe0a1d64c1ad03600000000
67ef686d6c81c1dd600000001
11879622ec082fbd600000001
af9bde826850af24600000000
b2bc576979b22f8b600000000
3f1e2d71d3c928e9600000001
893a8d6b40856eae600000000
d3e1aa4ead255c33600000000
bdcc15beb691f14f600000000
0275a58d2365c467600000001
5161ea14d4338dd7600000001
38b5f6065f8480d1600000001
de6386c3d7311daa600000000
b2f7627d72616779600000000
bff3f17a2db5dd33600000000
0367ff21fd929a45600000001
bec56525858f5193600000000
244ea5ab73e840a3600000001
2f348f15c0b87592600000001
76dac72e59f4f470600000000
9b9a15257a844f5f600000000
4109859c0303b203600000000
dcae225e6cbfbebf600000000
bafbfd82a6625697600000000
f733c7f39960a974600000000
24ec093a3bfe2b4c600000001
78a065dc69d3a246600000000
5de05e8564120e33600000001
657fe36da9d1f9b2600000001
19917494639aeb4c600000001
e79439ce2e906e3d600000000
1fe35c6d5a9982d1600000001
0d342a98eadaa2ce600000001
045ef661d46174f6600000001
ca9b066629196e6f600000000
de822c678df93d6e600000000
52cc678d240fbd4f600000000
30bd9eb413fe88c5600000000
47c714d753db8e2e600000001
6e785a8370478328600000001
9d0c66e794de6bbb600000000
441d4264ecf00e14600000001
bd7c9e05c46b971a600000001
bc297920feaf3e62600000001
edd9d5355f7be485600000000
f07c91574447f7df600000000
beba46e6b3722574600000000
f0fe3d6c8b3bf30e600000000
c798a135611040cb600000000
6302085c29be8713600000000
06463062ab208324600000001
373736783587114e600000000
f1e38ed134c27fb8600000000
a94e23727b2a4872600000000
d16d146ca5bffc64600000000
0e94b24b0efd4491600000001
c92b86821ef5097b600000000
47c04e2fb7323098600000001
4b7ea2cf2b591589600000000
6faafb9b8d02b688600000001
d56f44e4bfbc209f600000000
b54ef5b658d3c93f600000000
fcfda14fef0e6caf600000000
01861d6f4dc5b952600000001
6fd2e7663b2f00ac600000000
9e6a3b177cda273b600000000
72a4eeec8a984034600000001
63a67b0d0042813a600000000
e5c74e292627dce3600000000
824ae3a91079d7af600000000
26f3b7c4c98d5cd0600000001
6341654e76da9537600000001
6587a5309188b61b600000001
4929a9900939fda1600000000
198a60b65e20f65c600000001
d66336ec19c97459600000000
b2ed61b40d1e627d600000000
f9011bbfaeae7b28600000000
b07d4996fec673c1600000001
7faecc8b98c9e373600000001
ebcfd19b01369d6b600000000
9d493a6e8aadc179600000000
e2a455a1958ca74f600000000
e375661d686e62c9600000000
7bf6fe14bf73814b600000001
364719e4791ffe2d600000001
581825a1c82e25af600000001
e20732c7716d239d600000000
6b0c15bcdb517e26600000001
64fa1e50e92c7214600000001
3898a002683e7fcc600000001
c57e630fc7f69cb8600000001
006acdf7c467ab3a600000001
ddf8ccb3e189725e600000001
2954361bbfb3199d600000001
36c1b6085d3cb942600000001
4680ecf84f47d130600000001
6d3ee4f2b8bea314600000001
9512dce5e6f03c77600000001
bfd22dae66b8fe97600000000
7b654e3439a041ef600000000
acb3d8acb9d9d232600000001
0a35424ac33b63be600000001
9da79935720c3b1e600000000
9589b06715d89f0a600000000
132847b41ac1afee600000001
f80582b0adef91ed600000000
98f19ecd412d70b6600000000
7af0336211d1ea2e600000000
35b4254d1c648214600000000
852bc0d6b82786f1600000001
d9658ad6adfa76ca600000000
b26ed82532b7cb60600000000
161131ba4d2feba7600000001
50565ef17dfe50b1600000001
ebbcc9d1e6a0c0ce600000000
1b9ed9fc316fc723600000001
a09269d6ff7e585e600000001
de532f58c511150a600000000
ae779fdd4fe11dfb600000000
a23dd28691cf9a66600000000
09a83fcbbdb95c1e600000001
48c4cec5b6b3be22600000001
3cb3ce94c2288a3f600000001
42907b0740e0313d600000000
a9a209615fe3124c600000000
526afbd96376c25d600000001
04568a755b2d0d4e600000001
0d7fe63de696a6a8600000001
697c5b67c3f1782c600000001
6e839247e02f1af4600000001
8e9579f00d25ce6f600000000
50dfcef4a98144b9600000001
ccd6d6425fd3a627600000000
edf3c19bfa536a30600000001
e5d7c1fd707aa476600000000
f0f992199ca426b0600000000
60b602cdc37c2e47600000001
72a232a866381f32600000000
e010659fdcf0e639600000000
2af24fd480ac9aa2600000001
e629d5b9af1f113c600000000
d0e7d3ca43a4bfe8600000000
4e9926682f30813f600000000
00d05ab59525122c600000001
8757854790aa38d5600000001
325873385bb986c2600000001
2ffa3438966b0107600000001
621f93b6d2cf0c52600000001
67fc4a87496549e2600000000
be93416452d8b762600000000
b2196e8daead0e36600000000
ce0bb18cdd37f71b600000001
c72b0bf12ecc8939600000000
667a2fa1ea4ed8e6600000001
5959fa5acb81e6c5600000001
6159b15952f68121600000000
86386c44766a39e0600000000
7ba19e03419361fe600000000
918089e9e192ac9e600000001
ea919272c47689a9600000000
5b8a19ac1fe80483600000000
8fa5601829346c3a600000000
3103ded29130a405600000001
91db988ce10ad6ef600000001
9505431f8b5e2e88600000000
ad133f5e98a2be4d600000000
734434bf0560571a600000000
2340c859e9247440600000001
59caae8d4610d3f3600000000
46637467e2ee9d14600000001
2ff011510e68de90600000000
ecf96da2e71dfcab600000000
b3c6a52039e5a295600000000
f11ad23c3a155f08600000000
f15c6328128d10cf600000000
45c8cd470ffd4baf600000000
4dbdc79082168899600000001
7efe5d9ab33f312b600000001
684c0b7ce326623a600000001
6b689751a891dbb9600000001
15914fcec0ce203a600000001
ec6b9026e8569ec6600000000
dc0f3831f7ff658b600000001
954aae801b89d5d2600000000
60e91512581d08cc600000000
98e88729890f4bba600000000
8a15e0943a369775600000000
60f5956d36eb9ae4600000000
ba732534ca71714b600000001
418f745484b4a693600000001
5d54d95de455286a600000001
d41f1a4f81243f66600000000
b77f604489321823600000000
333ecdf8c10f2752600000001
558026c4475c683f600000000
85029fa3d75357bb600000001
28c8473364d6e8ff600000001
bd60a885c20a69d3600000001
9edfc5ab9086cb12600000000
5d4b2352c9a59fa3600000001
549224fbf2a7c5fc600000001
2fd7a6d72f746b92600000000
319e608a14d6110b600000000
92718641d0987fbd600000001
8b2767798d894e69600000001
d75018b3d9ebcddf600000001
cce60c44ed40fd53600000001
bae1816baded3ed4600000000
945537aea76d0e38600000001
3c54727d8a6fdafd600000001
70f1dfdaa8d5a973600000001
e522f8006aa25d75600000000
c86270c9ad2fffdf600000000
becb831f095263ca600000000
e26e49a65f96fa78600000000
d63fc0df228df857600000000
41282a51691c6c1e600000001
e85ac781f920f5bf600000001
f8f47d0e6d548823600000000
9749f5015262f165600000000
940b3304bbfec5d2600000001
d5396c39b22f116e600000000
ce2a0ae346df76e1600000000
e62866c34aa9f6d6600000000
77d36bb7f453201e600000001
ded23ea04fab94f8600000000
70ceaeb5aaebe857600000001
71ccfd2cb7cc9a50600000001
7e9587750756c63b600000000
98e8e52512c129ab600000000
0724c0436988d436600000001
3aa8444ef51f2667600000001
d8f5774f60f8ddf1600000000
08a359c0a8cd069f600000001
e3591a4f7a05df65600000000
ed35646eb7c662ea600000000
778d43e18d3fe098600000001
e33ee8e990dbb5b6600000000
e750f5ee5dc032fc600000000
62486991a2d05835600000001
c690a9a878dffdb7600000000
3510d1bcc521c22b600000001
6549e4866992970b600000001
2c6580bf611f7668600000001
4eb951baafb96ec6600000001
f9fad0aa184a84c5600000000
a329b163d0a0e297600000001
5369b8b54a37dbd6600000000
187bf310d4eb714b600000001
dac7617d97e4a620600000000
eebc1d649f41635c600000000
fd09e2d62be12ad8600000000
0cac903d7a3f74d5600000001
cac8e70952d5810f600000000
4e0bd4c754da4565600000001
322402d0b92cc4d6600000001
7df75fd11be2e4b4600000000
4e60bc4b557cf823600000001
ee0fff7c32b42037600000000
26d3a9150f789c67600000000
5d62de10973c5d7e600000001
2a9b8989d2517a0d600000001
b7bbc2097bf47632600000000
7e37d2933431d36f600000000
7cad37a084119f0a600000001
e63d90e6e9ee059c600000001
9710756cfa5123a4600000001
83013ee05dcd7a69600000000
dc8866ef1c71d85d600000000
967f2a7a747037dd600000000
e65672f7b2c7f410600000000
a51023d7689832ba600000000
b9874c4d15dfc56d600000000
874eb319ac62f9d6600000001
1d1787db936be6b5600000001
9592662cb082cfed600000001
e09b7137e5c23c10600000001
c1027733ca249bdb600000001
f514dc42076eb813600000000
417b04a1038fff93600000000
dc50d662fe929810600000001
2a97b4aa6e9b2e67600000001
0362ab9285da900d600000001
09ccfdf0c664241d600000001
35013444735d3c69600000001
39821911160a1b71600000000
c8aeae1e23534868600000000
826913279873ec34600000001
dfbc949600370267600000000
5cb23aa050502752600000000
265ab0366de5186e600000001
49b27555f6c591e6600000001
3128d9c16f4893ea600000001
c4b159614503e136600000000
f048336dfc550dd9600000001
8bba21bf0c9a1e3b600000000
8d7264ff6ccdaba7600000000
904dd6a85dbb2567600000000
b29ded5b7152933a600000000
d4ef03dbac64e428600000000
d33d02225f271153600000000
7221d33dcbd59909600000001
808215023bac483f600000000
7710ce0c5d423a91600000000
29d2498e06756ff9600000000
12f43cf52956c23d600000001
d280bb458762218e600000000
70fb08c7a18ff10d600000001
2c3ada541387843c600000000
0a5b4a4a50e32ff8600000001
0622edc44b6fa6f7600000001
6e16b40d12cd3be4600000000
924eeed724e71191600000000
eac490e431ee9e16600000000
c23c0a0b12eae5fb600000000
674438ad0b7387a3600000000
95fb4ec47b5782da600000000
05362118db1744e7600000001
294f8065489d3366600000001
7066c4404c6f6fa7600000000
9722fd5d946264ed600000000
ada523229565e337600000000
eb831a9b6691c8a1600000000
5c23b7944fbf9220600000000
64df7fc1578fcf21600000000
240db071c0c82456600000001
47c12afd4911ebea600000001
30ae3c840548df7a600000000
d2f3160465264f3c600000000
9f6b4db99654838b600000000
c9c7146e917790eb600000000
10984fe71db22e79600000001
7a154452ee1449e5600000001
a73eafb3965c4246600000000
389b6e05304f85bb600000000
88bc115ccf4c2afa600000001
0a5bee907d5700e6600000001
a5a61d8ca11c27ba600000000
9a10889c649be1ab600000000
a50a363384bdc398600000000
0a79046f7ec90371600000001
8bb8e3c184db516c600000000
5cf0f260d2ca634e600000001
3b0a73e55a692462600000001
fcd9281571ca29bf600000000
860475bcb2c0e4a8600000001
b5026387f30fc67d600000001
7e6bf810ed4bd446600000001
e41cb27e47805099600000000
2a2a69b465bc02a3600000001
7c3daa4df60e713e600000001
b3886e6d4489d920600000000
2c2fa95af4059566600000001
24da7ffe0bdc396e600000000
7d282c6e7a09d0d2600000000
89705c52ea55c1e5600000001
df707854ff350586600000001
a48bfe908b1a14bb600000000
3c33078d4072a261600000001
54266f10f9825fce600000001
d54f2d1bc9310f53600000000
29bceec243d8e02b600000001
4ff3f05ad52166d9600000001
52258e14b416b257600000001
99e7b0e04eea73f5600000000
b74952fec5205660600000001
27875ce5055aebc0600000000
6f43edc0959c980d600000001
dc5be9a6f2a0bbb0600000001
a840efaba219f11b600000000
dc6c3afaa6bda62a600000000
da335501ae339a41600000000
86a0573e848b52bb600000000
466efc9440f5433b600000000
513344653e230327600000000
871dd1adf82ddeea600000001
e79db927aadb7a83600000000
47860f021440b020600000000
c94f51010ad59139600000000
42059d53b5d97083600000001
3ce662d842decdab600000001
0dea00b0efd8643d600000001
649e8266a402cc8d600000001
cf17b931f09cde28600000001
6a9fb178d7efec4b600000001
9f1adff9d0a45ff6600000001
16735453c3ecb03f600000001
5039badd54fa5a9f600000001
85cccb9d890346c5600000001
0377d928e4f4419c600000001
478e86639557cf92600000001
d0cb4f3acbbf1076600000000
19ebef92f7a48adb600000001
c960853e495fb908600000000
a2d452a1bb6b2da8600000001
3aede9f143dc0cc7600000001
2dad52a5dfa19878600000001
ab5588ca365e7579600000000
910f3fd7a75b44d8600000001
58534557f9852d2a600000001
ce8262f32991b282600000000
8b9c8aeecc08781a600000001
ede0cbb9e0142a3f600000000
580615dfb8bdbb29600000001
71a9622a0a5b6a08600000000
d51feb217ec9aeac600000000
4ee5edc76d508cfc600000001
c3a7ece695dfcddf600000000
c7fc296ed636d705600000001
a815b07433c08bb7600000000
9a225c894f598512600000000
de8fb6e0f4d3b041600000001
2c856b6d9884a162600000001
f56507d0a6de003d600000000
de0c6797e64388ae600000001
5916ed87f643748d600000001
00abc7d16b8bce7b600000001
fffd3fbc62a49b6b600000000
e4d6fa6f336482b7600000000
a3c0033578c7588d600000000
f9611dc8a5747d23600000000
28023b120fcb0d2f600000000
4e4a05dc0ba91de9600000000
6521902ec2674b4a600000001
2a737bc6a2014e33600000001
2d4eb72a9bedd8a0600000001
dc5bdfc450e5b521600000000
82e70b68800693b5600000000
687a5d967c495641600000001
68b21cf4abf75e2e600000001
b362c25f8d02de51600000000
b3d071d5682e13e4600000000
6655dd6cb09c724d600000001
1a70072ed660b498600000001
52e6d01f9d008753600000001
4d0ca4efec55bfe3600000001
2dd535aa286b78ae600000000
96193c409c5e5c51600000001
f4adfe22bdd5e97f600000000
94381facaff4a925600000001
0d58bfd946bb697b600000001
23b25a7bc9b688bf600000001
ef5817f92fd69c37600000000
fa35eef64e493af6600000000
60c5f5e737b2a29e600000000
743ab7496de348a2600000000
448b277678a6b3cf600000001
ae2208d5d07a614d600000001
e8584dbb82f8d184600000000
95f2c74260ba4b6c600000000
b5063b30e5d0a26c600000001
02df8707f66a495b600000001
dc659b60423a758f600000000
8d55f62222db3069600000000
0a8092939ceacb15600000001
55c75290d08f27b6600000001
bce7be3326d2f78d600000000
349cfec97040b019600000001
cdc544fbd5b5c888600000001
9d0d6b6b9077ca2f600000000
a4c33293e48059ca600000001
e43af2f0d4cfeac6600000000
e8fbacc98ece800a600000000
50d2fa5353761042600000001
233825b6dd68430a600000001
b20ba8fa4eb046fb600000000
bf7b91a2149213e2600000000
463a05d9505e7156600000001
68670fbd2fe8ad41600000000
d9efc40fd525b90c600000000
2ab79352829c16fe600000001
1929942481aaab85600000001
f092f3a5bec0a811600000000
02cabaaeb7952d2d600000001
360e95b19b18f5df600000001
05595ad4572c50c2600000001
73c6a9c60568154a600000000
b1fcc65ff306a7ef600000001
389d8080cd66f938600000001
20b068404fad0750600000001
80a8430ec310fca2600000001
36b57e998f80f946600000001
91ee8d66cd1978b3600000001
6da67942eb012789600000001
43c3a54a4edfcece600000001
d1086c096ddeead7600000000
43ccf05c9f3a5cd2600000001
8f1dc0e93fb0a87a600000000
0a108a6c7de3e740600000001
df0120d32deafacd600000000
2f21bf0d54780df8600000001
a91522fbc5e5dffe600000001
fe2a84420e9716e9600000000
38a1c03d8ab0511d600000001
b1be40491406e2eb600000000
1220fedbe0e86def600000001
ebf1959dff178178600000001
a93af5b4462eaa55600000000
b562c41415466fc6600000000
0aab2213936f4d89600000001
6236b92b51a4f028600000000
986a92ad6e5c967d600000000
417481a7f06df703600000001
c1352ebbadc75efc600000000
911dea77c0269313600000001
363b159631854012600000000
ddb711e264b43cb3600000000
a53f0ae7eb25d354600000001
3fc004e7b5c709dc600000001
595f528f10e07cb1600000000
ab0c9e0a63eff5ad600000000
a3d6f67ecea36513600000001
6ea7ff4db55ae004600000001
aa7e3833a9698176600000000
0fa069d83f3eb6a1600000001
3aa5f1f5f340d780600000001
1892c25b7a62a77c600000001
afdb0a621ed2ce43600000000
b893057beb216787600000001
b4c18a70f83490a7600000001
a111a1947897a49e600000000
5613189f05cd8191600000000
81a2878a273ca31a600000000
6d24eaa09a30bcec600000001
24dc85f0c9696c0f600000001
cf9febddf13f09dd600000001
224769156dc68f50600000001
480a2bbbf4c654e8600000001
be56448ed2ecf472600000001
dd1b932919958cc7600000000
18db13dd909a0d85600000001
c49748102a1a435f600000000
3da748983013f6ba600000000
e9ec6e3cf8ee795f600000001
1951614823146633600000001
fda2de8bb76bb075600000000
474ac0d4b9cfe69f600000001
415eec8d1fc50e68600000000
d4727ed0f1cd8565600000001
55dc2d747b070e7b600000001
2987b10e2bfe2561600000001
4daf87db753f8fcb600000001
ef2dd5fb3ccd1599600000000
8d65475348d3d5c3600000000
7cb004531b238e1d600000000
8fe44009244a8dae600000000
1c0815d3d8a8f0c9600000001
90d23330c3ed8e95600000001
b64239a8eb62ece7600000001
00a02c1e5e0343c2600000001
2fb20a9e0f75425a600000000
ed91ad6b6f594090600000000
7e3a484440b678f3600000000
4393c604b66ccfb7600000001
9c8160826d4430dc600000000
64f23d39d811be21600000001
0d1a7e10e9d07d2c600000001
f43e958939c4b27a600000000
58b7dfc037629d21600000000
7716de725bd04eee600000000
5c57248bb9e0d7c3600000001
cf1ba67089665651600000000
5c796562c8715be8600000001
55d50b6e10351e77600000000
738ef31fac785ffa600000001
f954ecc93b5ee505600000000
e69b404edf51d1cf600000000
0dcd9eeb62da01d3600000001
ee3562cd55b151a4600000000
99061e6ac5355ff8600000001
24f6c5c997eadb4d600000001
53fabb6b4bc651df600000000
ac823394932615ff600000000
ef6176e6605a78cf600000000
c801774d5249a92a600000000
57bd1deb7758caed600000001
7c32b77b86f6632e600000001
c56273f4170ffda6600000000
97469319081ed426600000000
89088518380ec9d9600000000
0f1f5fa825aec38e600000001
2b4c6ab2359e65f2600000001
22194a2d66963f11600000001
3956b35e2ce52ad0600000000
b2182b1b5656fe1e600000000
8c5af01e525beb91600000000
7a9441f3b193e7dc600000001
8e4d03fdf3cd6409600000001
29ee569ba383f952600000001
2acf9ada4eb26291600000001
9ddacacba233805a600000001
f8e8d3e54c5f65c2600000000
30252dfb7e00812b600000001
8848fc09b5fb4b7f600000001
3401e51bce017fb5600000001
0f83b2849afa8768600000001
facac898e164f8c3600000000
c77dea66e72bef2a600000001
cedb63914386497d600000000
a755356130b11436600000000
11e1e6d15df78395600000001
5b462c2dcc385a7f600000001
fc4c23603ccb92b4600000000
7a60d98dd6e5ab79600000001
b5fa7d841b468b09600000000
f591365802c6144f600000000
b68c9089eb7f546b600000001
2e6a13e57f60cda6600000001
e97d20ffbcc5f5b6600000000
bd3216946625fe5f600000000
3d55afdfc4f54db7600000001
0aad67e44edd78cd600000001
52be0cbc2c335466600000000
6d0d0fa60ab7f11a600000000
3fc82890b27d5485600000001
6157d31fec71f79b600000001
754c78791f4d1501600000000
36de040efdc13abb600000001
e3cd5b0bbd757430600000000
a42e0506305e16b5600000000
f3facc4e822a4705600000000
9e79f6aa96f59cc5600000000
304e2ee1d7ce46ef600000001
114643fa6c90dbcf600000001
4ab98ee57e14742d600000001
8ced05f6538acc44600000000
de87fa13174e8f88600000000
d125201a012c666f600000000
ebf9b91ec13c3f30600000000
c3136a051ad20a50600000000
83a3aca5a0d98487600000001
5bdd9917880ab51e600000001
273afc72ab413975600000001
026081cc6b93ea80600000001
c769d7ead9001b5c600000001
9cdb36f364203011600000000
4439663ae1d39ced600000001
1eca5ba983b085a4600000001
05a2ca6a8d29eae7600000001
75a94fec4682cd78600000000
3e475883f8ea5f3b600000001
db16dcda0460dccc600000000
1182337240f214ba600000001
7cd3e45cd3314cc5600000001
76801533dda51062600000001
aa97d19d03b50a84600000000
33318fef3679e9e9600000001
96cdd34a538f847c600000000
3f51a23b7ad8fc67600000001
66550bcdbefb78fd600000001
3986eec23a4581b3600000001
d2c6c1b361fd19c2600000000
83c30747dbf6d2e0600000001
042168569a556f1d600000001
7b3667ad6be9d919600000000
d93f01b7231905a7600000000
1b168280a2fd9ea2600000001
d78d92185155ecc0600000000
ab6372d24f11e371600000000
bf5819e001302b61600000000
bcf3606a7a1a759d600000000
0800c08829349454600000001
694532395e1d1b36600000000
d5aa50e0468e20f0600000000
b30c80b7aa5cb7fc600000000
c19932aceaaf3df3600000001
9e1b69394d70fb3b600000000
61705bc83d8cda4c600000000
d58cb30bece44d2c600000001
229e73b5783e3210600000001
da5c15b103abb120600000000
d47b050bab927f2d600000000
7ba5755f6fd1a355600000000
97b6c590816f8b96600000000
b74c39e04d919b95600000000
051cbb2fae99439f600000001
28c56222a462c195600000001
cdbd528157d4118b600000000
498de305f8dec6ea600000001
686d22b563a77710600000000
c525d0de56267345600000000
af564e772c210cf8600000000
0e73149f59aedec6600000001
65adfe7855541223600000000
3a1b0dbda5b144f7600000001
727262f8ef0c766a600000001
644372f87a97b32e600000001
5d5c9fbeda4056f4600000001
c7a909081203ce7c600000000
79cb0a9843d688e2600000000
a18dc236de36c748600000001
34dc06e8bb87f699600000001
4eceee1c2005de3e600000000
7790a51bd1ea55f5600000001
9a3edfec9458bd0d600000000
6d26f6525c0600cc600000000
c77042f9aa34c659600000000
5d5783dafc4714e2600000001
3cb195c5cf97f60d600000001
4d9483f213aec203600000000
79a366d235699c8e600000000
d9855a8b052ea322600000000
bdfb1a6fea305761600000001
37c9e9c3db3282cc600000001
f68d826c52ae2e0e600000000
e3903b17695003ac600000000
a3e6be224dd9bb01600000000
841b451f8bb41791600000001
dec7c84c445c54bc600000000
aca15a4080fa3ede600000000
9c1a109b419412bd600000000
0b26f8052fc9d2f5600000001
861d9de86da9739a600000000
d8349ad2cb9e6d27600000000
6bb98b9bb72fb611600000001
f107de33ab154cdf600000000
5f9ecee73483e9cf600000000
6c7bcd9851ffa63a600000000
ccf69d3183a9e411600000000
6f3c062c1754b0f7600000000
3273e6253456e412600000001
9ef1c7a1bfe62819600000001
17702539031a5c36600000000
1b648fbcfb0e3f6f600000001
9f50bd767b35e686600000000
88dfe8416ead2eb2600000000
1e6818a6e7442055600000001
698efd5354418d4f600000000
042c971dc5f94ad5600000001
dae41e165344919f600000000
d99c7a02421d5d9c600000000
15078ed4b541bb60600000001
5b05af5a58e3663c600000000
3f1c874b738923bc600000001
a6aca165fd1da609600000001
8330709dba3c3519600000001
8ebaef2ba8c0daae600000001
dc9fe9684fc59a1a600000000
92dd0edaab38cdab600000001
92831d95d91ab830600000001
bab3a1d74457e763600000000
3bbc132bef9bce85600000001
be133a334566d801600000000
edb1bff61602a2b8600000000
9d5a691bf291df1d600000001
e98578b45d80a90f600000000
512aa66fe0605ed3600000001
50ec1ba4d4e459a6600000001
91989d20eaacd60d600000001
0edc468df6d01e0d600000001
85d6b3200bac6b21600000000
1a56d6b14f4d8756600000001
9754901ba08d562e600000001
f28789906f2fa647600000000
04d15b5482f7cb16600000001
564f05f5ad384a7e600000001
045adbe005359ec6600000001
582cb36f9648a32b600000001
572d1db3e08c72bc600000001
014c5453c2bb1452600000001
24ee0c182f5e54f8600000001
9f0ace7cd4d17aea600000001
7c1ef45ac0ae8dab600000001
afe983d03c1dd091600000000
5b4f1e78ff015db9600000001
b677a58fba68b8bd600000001
a3f7467eebed7d5c600000001
c5bfb46d29322e60600000000
4cb156da9bafc42d600000001
7d94b109c79c6ee7600000001
12abc04cf686e107600000001
5198176a5ce08a23600000001
80a60d20e78a17ab600000001
d3c8ad65fadc7213600000001
ed66989719155f77600000000
bcfd63e0e0408f8d600000001
482ae5da0703ba76600000000
6704a2b0bc16414f600000001
c07b42df52cefcdb600000000
e5007cf80f99ae8b600000000
ef575966f6ad4f4c600000001
5f2d3586c58ff37d600000001
5529997ae16b93ff600000001
beb7cacc7d10ceab600000000
80544f064bb97af5600000000
d6ff055bdad3c8d2600000001
6fee7bdf5aefeece600000000
266e35dbf1521f3c600000001
63b64b5d51d8d30e600000000
8c6e9a7cde5f445e600000001
b6ec4d0f4ef45b65600000000
606e9af8f1c8b586600000001
f8b26c0b4c2adf3e600000000
252c22610afa07ae600000000
6502527fb9da8748600000001
33b3f5f8804e814d600000001
29f88566556beeac600000001
dc3320aaf93391a9600000001
ea2cfad74985d412600000000
f41e93acbb513948600000000
8ed07e23a81798ec600000001
0af7828b4230e34c600000001
09db2830fc3e823a600000001
3d7761c9ee02fc31600000001
f3fc179c3babc77f600000000
54ebb8da345d1a62600000000
f2593495ebe6cbef600000000
6134d321266b8a40600000000
0acb9dfe557deb39600000001
c8c60d93b97278df600000000
ba68f2c507ae0978600000000
952eee914ce465ca600000000
8cf271fd73fb0ebb600000000
b34d010773455016600000000
2c693b42e768e7cb600000001
57e3995ed9dc3d37600000001
64c761d1d4cd8c47600000001
1fb6291400bf2d67600000000
a016b0a6b32003a6600000001
8d425e6f75ce3eaa600000000
2704efe9b010de71600000001
ddf63e05db49830b600000000
1554e3d52e98154b600000001
605fa16a165f2c31600000000
32cf3c42dca0edb2600000001
c35e7546a64c79ad600000000
2f42b35e8acef18b600000001
11007a28408a0be1600000001
d1125f250a5f152f600000000
5da348492500302f600000000
bf58145e7cac9f44600000000
b6b7e03da360363c600000000
debbf781e2ebc714600000001
58e25bebfaed2a3a600000001
cd584f32cc7bf3b7600000000
8543a6c90b557593600000000
d23e275cd3c28841600000001
46fa3b1273d25794600000001
1c6e9d00eaeb7519600000001
a3787d6bd012af3c600000001
eab586443c6dd695600000000
4ed96638dd3ea625600000001
8ec9d1418620d8fd600000000
946005b3eef38861600000001
14db98f22cb89b58600000001
9e381e45c227aad5600000001
c90e48bce7159978600000001
4effabf69b6f525f600000001
02ee91ca0acecd46600000001
56f8cea462b75587600000001
6a49730714b432ea600000000
9a25def6a3e5a6e3600000001
2da74b0a1b5f0cf3600000000
0c83b05d6984bb4b600000001
e3d4be1f0fc979fa600000000
8db8bd7f2e1c6e4f600000000
6de7d6425b67dfbb600000000
c7baf9888d727039600000000
169d9dafadfaf660600000001
af15531d671078b4600000000
d63c159be364f994600000001
653dcf71aa85cfde600000001
66f8c152c5f24bc8600000001
ec27e493edbc2716600000001
281862230988d47f600000000
a2dd116dc1e39bae600000001
7f04354a1c6f8168600000000
801c70d90f14e7c7600000000
a39c61a9368b6807600000000
9437efb1f9058c48600000001
ab9f3419c672b8e3600000001
3ffea1cb55f3e14b600000001
c2224a0aa88b0c30600000000
7207d73071586802600000000
40de53abda21a1b2600000001
2912016e6256f936600000001
c0bb8edc0346e4b5600000000
ebe3314e4ea8dff5600000000
dfcd8247ad10dcd3600000000
ca01041c90686370600000000
f6823d2a40eea1ec600000000
f900753f78d2d5f1600000000
898db23e39eeb29d600000000
ba39ccd01755e069600000000
14d08c89827fc88c600000001
07ee6d856330336a600000001
1c274ed50482c8fc600000000
a01c63fed680ff95600000001
f3059533c9ed76f2600000000
79646cb6c111acf0600000001
ea3b1721c6e48de5600000000
324aa0fc9837c33b600000001
b21d6d9471a651a1600000000
a37e61f17f23d4ee600000000
22c49145c2e3f9f9600000001
4f4acc31bd00e5fe600000001
b792b344e3b52141600000001
8749bb37fbdefe86600000001
b3fecd383b0762db600000000
80c49be3df2494d4600000001
d37d9dba6db9d75a600000000
9711863bd3c45cdf600000001
931e02548045ba59600000000
d55a3dfc211d51c3600000000
db21eccc5cb30b4b600000000
a5b533d9f8dcbcdd600000001
fe2d78e5824c8a0b600000000
a35208af6908f7a1600000000
df24da3ae51b61ce600000001
87c486968c5c2ddc600000001
d1078679b3314d79600000000
5bb2e4cd0353ecd5600000000
6bee2efce49d62bb600000001
ae4b74f692379eaa600000000
e936f2aed1eab286600000000
d9cfef9acec20d0b600000000
e09462b51927750a600000000
a59cd9293d4fe76c600000000
ea24bc0f219e4131600000000
fe0789023a4a7688600000000
27d71460cb1b9146600000001
48a3c2d018316985600000000
52faa154c14e19df600000001
7942a1ee95e9d1ec600000001
d3f21e13bc8977ca600000000
e26afa7259c9dacb600000000
a19b82ae6a148274600000000
1026af4d04009e04600000000
63ba7b162b2acef0600000000
b0cb201ee7058cdd600000001
ddeb8fb1c63a2831600000000
24fdd4ef816feca0600000001
ddc46a181cd40ad9600000000
cd929001b8dfe5e6600000000
cbf5694f5d32a068600000000
a659e4fa7c720779600000000
feb87c979e9fc9b5600000000
bc514361b94a94fa600000000
706662279c0f0932600000001
fbc354dcb2a62dd7600000000
8507880681a43668600000000
f8cfcfcb9c78bb19600000000
9135e9ede6c00c28600000001
c6a8064b7bd7e7ea600000000
b3bab95a333501be600000000
0618fe504da4f917600000001
1efb7ed784b16014600000001
e2e35cf59751af2a600000000
0d81c08cf27f6482600000001
6fad6e099b82c57b600000001
8bdae69842d86790600000000
dc1d260b5c0eb758600000000
381e11641114013f600000000
55b240f78ab8c14e600000001
d8edcc769002f43a600000000
6eac16859c70002f600000001
be3df0f60002447e600000000
243307a555a4f4b5600000001
b5e172f53bdd0549600000000
7d2d489834e5f8f1600000000
f4f22de01f4ef7ff600000000
6cd2b4d191f5cd9d600000001
618e58872af43eef600000000
4ef34641bdda4db1600000001
33e26c7194fde926600000001
a17ab7c9da31c716600000001
28646c45ea37bb45600000001
51124b9e1d71279d600000000
8082a466d0322520600000001
daa1aa6a7e8c7e1d600000000
36fa31c6fec43405600000001
27f9264da33342ef600000001
ec31b75f508af8f7600000000
b6b42791b5948145600000000
60d38628da976797600000001
1489597d47c6576e600000001
51398dc62d04b077600000000
306fc7ce9b7d312c600000001
12c44a1624487402600000001
53db693eddea46c5600000001
631080fd1112f8da600000000
bad4f9784964d64d600000000
f811268da09f5fd1600000000
4374d870be2ae92f600000001
3c90524b5e1f2184600000001
36cf7d22ccd06f6f600000001
2dd2201789347981600000001
b81ac20ee46d3f07600000001
908bc61e513a035a600000000
2b6e218e170c1a02600000000
6cb69667aa3141a4600000001
6452ebbe1602053f600000000
7c353fb52242645d600000000
c0d35def0763ea13600000000
d73d3c478c2d2a74600000000
d1aa74dd4dc3bb39600000000
7fdf8455c69bf5ca600000001
bf7e71be2ac49bb1600000000
fc619447204a3858600000000
f296eb78ec81d60d600000000
850c30e1d701cccc600000001
d90b40f573ec7563600000000
256f24f08e650159600000001
7df3a6bdf2872619600000001
7a1cb14da55211cc600000001
75ac5c1389e86718600000001
9363d494ea0b61e1600000001
ef89aa62697dd379600000000
55f69f565db7d640600000001
67cd1a740b5f9c0a600000000
d469630b30c6db5f600000000
84166f4901c1716a600000000
8ba6f3192b6c3ffc600000000
e79c26c7f3146b68600000001
000d76c8c2d94d11600000001
70fd2e11e38c451e600000001
cd26685a18f653ae600000000
8514dd74f8896ec2600000001
57bf353a40a34999600000000
1b0bc396e6d1dc64600000001
ae8d3e67c01af0c9600000001
9c5828cc2e8cb8de600000000
2172b0f101dceb76600000000
004456d055724093600000001
86c3c87d9a70425b600000001
8e3e906ec8986692600000001
c4dcd3c60334b210600000000
99e92bd008dc331d600000000
087a6f557b3b0de4600000001
b38cfa3a1b4c0a45600000000
53af991512f7778b600000000
b51a0221ef83447a600000001
a9c1a32cbe5a4c5b600000001
ce01306ad4d1f4da600000001
4730a03485b5192e600000001
6f90c8f2229f0dd5600000000
6bb6ff8437d24af1600000000
7634c29e2cc96343600000000
5787f582a911d734600000001
1101e45fa0e8cc79600000001
36926040323fba5c600000000
6b5443bf577f6955600000000
3b6208af76584479600000001
911e830af7b0c863600000001
5a4d63676c68a38c600000001
a473fa81d5c11dfe600000001
35ae48e9aa9940e2600000001
93be877571acf592600000000
9417cfee55fd06f4600000000
f0dab8665c5a2d10600000000
c1bd01c65a8f8b0c600000000
e0bf0d75c5c1f433600000000
874e3c105e2e0245600000000
8d147503eceb5566600000001
08a12485e7dcfb8b600000001
7edd9c2cef84356e600000001
729494a1795f9d9c600000001
116c9bb32f093b6d600000001
6ceae0a50f09be1b600000000
7ca9c6db4dc3b273600000000
79a400823d4ed04a600000000
ff823dcb12d7bb33600000000
14c319485da8d6d3600000001
87badc3e6229f783600000000
4f9dfa87f07d4e82600000001
560a0a1f7764b78a600000001
6fb5a3825bcb0793600000000
e630a6f43d987099600000000
df4dbda527930f78600000000
2acfb7d5a43abb02600000001
4baca3531b12f724600000000
99dbbd9d964e104f600000000
b12eb4ebdc677995600000001
9a7dd471ff5a2fe4600000001
438bde0ea3445ba1600000001
adbc48c449cbde03600000000
7ae772de032695bd600000000
769f1db3bae3f9b0600000001
eaedc9f8a44d3485600000000
4529fbc6d8c65a5f600000001
dabea2cd926ce03e600000000
b03ab6067b81941c600000000
afb27d13116cd81f600000000
5a15883f1f334d70600000000
4f9b3f3629522cec600000000
b0e19c00fe5393a0600000001
90c9fdb7f5b584fe600000001
122e636cdcd57388600000001
22c1e9d9c53d4ce8600000001
b28898d11b23e329600000000
05d1d6761d545715600000001
7c82a725c60417f6600000001
1c6fdab8c0c338d7600000001
afd8bec670359b65600000000
4c2c7307a8b8a25a600000001
9eb5d28eace2b5b1600000001
5d0df078afb24233600000001
d2b014ba3869bf2e600000000
09502064f57243ed600000001
f96efefdc1328bbe600000000
b4739c25724900a0600000000
01653aa894d0da52600000001
13f1d6cd680ebdae600000001
7a60edeafeb1677c600000001
e504ec3aa51953b0600000000
596485273e7b6779600000000
004075c2de223690600000001
cd3608e037ef07ff600000000
29c8563fb5d55ad8600000001
3c4efca152fcfa33600000001
c5a2ffb4262cdd36600000000
96595a580e76c3c9600000000
e0c9c94cd897f92a600000000
d10605c5922ab18b600000000
05a1cbbea3881956600000001
a0796e1e165c9004600000000
c8b8642dcc8bf15a600000001
91b4c82f2afdd4fd600000000
c7cbe128009aa8a1600000000
b309dccdaaad4441600000000
86ce9c631d8f34fb600000000
ddab00843c320b81600000000
b01138e9c49c23cd600000001
40ce7c1ef63787f5600000001
91aa4b66c710492b600000001
e418ffbf70099497600000000
a569827c312129f2600000000
e1f03a715c5b30e4600000000
1898fa3b541ff95c600000001
3ac660a1b778e715600000001
59bad883d3ed4edc600000001
985de6121e0d5c42600000000
3419c584c876aff5600000001
16eebb8e792758cd600000001
b7e22e48235773b8600000000
77cf8694c726d815600000001
2fcaa93e6ac0ffb0600000001
f89e9b3ee126790a600000000
0534955fa83b6b92600000001
afa8f7365bdfb9f6600000000
e6a76ca886b2ebd6600000000
be077bdc4573d49a600000000
778ba2760a515685600000000
3d50e0f957848481600000001
a7d619dde29d65e9600000001
294a2a818c7e8d71600000001
f360624811b35543600000000
88bddcab51c3f8a1600000000
63da72ad7ec125b9600000001
74e465fb4ce84ad7600000000
f75595c129226788600000000
1cf1bb988d48d04c600000001
b8f38b42cf040899600000001
249ffd515b3d4bdb600000001
4208a7ab9493b192600000001
3f1c2aaa660b755e600000001
ac61274c90ff1a1e600000000
a193d08cc5a2b16a600000001
47e774712c21e1b8600000000
85d792b9496d6321600000000
d16964a45ab49c3a600000000
0dbad1cbd80c2d62600000001
6cce429baeaf6e04600000001
5ac6ef3af231409d600000001
c3a321553bdc4a1a600000000
db63eb8ef8f4580b600000001
d1d09cbe48fe2f31600000000
6352e125a12b51f3600000001
e49d476a7a6c35fa600000000
c1b46e10066f90d2600000000
895d8a93c3c02774600000001
e89d66300af1ec29600000000
1292a89b5e4a28fc600000001
5673eea9ea4ca447600000001
be8f35a9ec5fb271600000001
a91fa7bd99cc2759600000000
f4de6789cf35f339600000000
df90adcf17e22c54600000000
a5b6a40966fece84600000000
6d9ec3b5fbbf26ee600000001
6c37f1fee9ac6d4d600000001
f1bd6f9d97751d54600000000
42c2fa1a6f97fc99600000001
402e55dc655fb52e600000001
0393668d3ed1e88e600000001
1660ca27a5ecf515600000001
d613fc1596a14f1a600000000
4f3eeea572003195600000001
5fc1dafbc7256f70600000001
f2f0a322fc14e4b8600000001
3df3a4037435761e600000001
e11041303ecb097d600000000
5960d3acc5ee8388600000001
d9346e81aed297f1600000000
f2df4aa8b85350b3600000000
882e372941dd4f16600000000
e62ae04e1e3db28a600000000
51d0229b6a2fe7b5600000001
459c2631714e009e600000001
c43cd5611d1576b9600000000
bde4e1a704729305600000000
ef429c3795a0ce5f600000000
77602b51bf46d415600000001
eac5604b130cc2c1600000000
0c2505adc8eee729600000001
f4f962139d8d1e73600000000
368744ef77afbfea600000001
aefae409c27737c1600000001
ec5156b6d61a1497600000000
dea9f55b4db4003c600000000
93702ac74813ce32600000000
c3516067aa42701b600000000
6e065b63c7ab7d73600000001
a78baf876018beb6600000000
2d41ca4611adc706600000000
247d3bbbd3c5df8b600000001
cb8422bffe8d6c8b600000001
8a870384264326dc600000000
d3b6ea1e5919a9c5600000000
113297d3b113a6e6600000001
2c0d865f79ad0fb5600000001
baa33309cbefbbaa600000001
8478ab29f7a04a43600000001
2468e49fa98cdf7c600000001
b34d30a0eae7b3c5600000001
8b961662e4176183600000001
3ff7be8c467b94ae600000001
3fad897771c5dfef600000001
a244050d26c62616600000000
fd8ba6679664c410600000000
5a04709b31773b9e600000000
390ee88cf08f2773600000001
a510e54ae243c9aa600000001
b01860210c639cbd600000000
ac0cb814b142fca8600000001
6c8bc0641b0b1e98600000000
d0f2b2a268732f45600000000
48cd425757f59f95600000001
d683c83e363f1add600000000
ebb569b3498721f2600000000
f74876f52d16865e600000000
87f49981f6a70d11600000001
397a76536c293abb600000001
ac111b7224cd4463600000000
082bd29226ba3410600000001
befcc5d61912dad6600000000
4a469debedf93afd600000001
e0129ebbc12dab6e600000000
0a715f31d677f0c9600000001
ef8672209c2eb758600000000
6e5145cc0be41bf6600000000
50b80852274c38a2600000000
956e9ace274351f0600000000
fe0f2a080c37d8dc600000000
dcee838def732c31600000001
6fe09238a4546412600000001
7f9db18f9d13c282600000001
1eb62b3b74be3cba600000001
95d194a659b2b5d9600000000
311e8f9fa03e3b20600000001
159c084f2694e019600000001
77dec42b9551e1f1600000001
0f639e8bbee39efc600000001
5c84ff688180ff05600000001
89e4118453d4c65c600000000
d28b1b05ab39969f600000000
50f14bf94c157d2d600000000
ad51091924382ddb600000000
4d4fb85a81385f7e600000001
544ba969c0aad2f8600000001
50f9170970791bdf600000001
6dd81190342b55ec600000000
13a84a055435a873600000001
890a0a8152988863600000000
e41d6870afe9dba8600000000
6a8ff428d6188963600000001
9b607472edb4c8ed600000001
8cfa162b2b1be81c600000000
8cc802729b0ca0f8600000001
0cfb30615d78ec37600000001
05667dc151581346600000001
4a9fe3082b6e76aa600000000
dfaea119fd26ba2d600000001
083c0e97303b5623600000001
948d84c40c5f8257600000000
248e6ceff25c5aa6600000001
00dddb4042787044600000001
25cd6461e6018f4e600000001
ae2d67bf8db71e3d600000000
078102ba6bcf6ede600000001
760fa7fffc48be94600000001
be75a6671600e8b8600000000
a6b8a55a74722a21600000000
66a7b3ebfc8a8c9c600000001
e6917db0831c1e23600000000
8cf171a764c1a4ed600000000
37d78401ba6a020c600000001
31ee6fa61c37d95c600000000
d5608e84ee405762600000001
3948817b85e314f7600000001
58b1321414814de9600000000
bf338830bae720de600000000
92b052c81919c80d600000000
62f0ce9ea54aeb38600000001
31a7405cb78fb6ba600000001
09a8a18085c40041600000001
6caf50a7b31c5990600000001
a216a5ed117d0258600000000
c6afb43ae784eefa600000001
190884ead4f299de600000001
654f71ba04060940600000000
264c6b7bcaf5b0f3600000001
de62439a24445be4600000000
6752edad82b93065600000001
827813e7723137cb600000000
bf5d65bc7d3c0ea3600000000
9bc63030ae070dc7600000001
013769373cb235e7600000001
c62131ebc9b210c8600000001
0d4097533519fc94600000001
954adbcc00eadac7600000000
8857ff674461f3f2600000000
dc1ff168ffae1e75600000001
da9f0cb243b8df44600000000
a6f486d82c02c96a600000000
73f124e1ae78c0d9600000001
1db4bce7ff2bfc71600000001
4a7602daff1cb798600000001
d6bd4d82fcd15fc8600000001
5f36b98e31f69909600000000
c7fd5706ffb7a962600000001
6727b06dc75ec18f600000001
32c5c2950df736c6600000000
7cff642a3437d547600000000
e9f6eb2adb2ec503600000000
e4301e33338a2373600000000
9476a45c10f7e808600000000
337a2bd278a8ba28600000001
ff78fa8cdd8738fa600000000
64aec4f1e39f1aba600000001
582e522e2877f3ad600000000
468b24bef444abf2600000001
3ef7014846d5e6c3600000001
094b3896f0cbcb86600000001
63749af11be1cc0b600000000
65a69b4e8f031e7b600000001
e2c3656bf7a55dc5600000001
b6e06c24d1e878d0600000001
8a2ab0b063ffc8f0600000000
f4f67856124e9fb5600000000
35524ffc25b7598f600000000
85e9e9f3ae6999f6600000001
f8e4e6c2334d2bb8600000000
0545794eb2245955600000001
2c41f33c93556b06600000001
26260236a57996a9600000001
2bdd87c4712a55fb600000001
7cc932eccf8b7472600000001
9e7a6b4b71681637600000000
fc451e763d08b8c4600000000
5df80ab17a443b4f600000001
f2c3bb1614878818600000000
32649b93fd15b8a9600000001
16ae07998514213c600000001
a69d9e864d633587600000000
d5aea6348e170606600000000
a007d956dfb27223600000001
54011d1f1f18233b600000000
8383736136d366c9600000000
e8b1e6bc33379aaa600000000
5206aea2b76b64bd600000001
eaa7ab7d8efe5091600000000
9e2c5abbb39053a0600000001
3d197763417b8f4a7000f465d
2b5ccff7978df6d7700000056
9a6775f82200ec2a7002699dd
a277f09ebfb958607a277f09e
92d34f71ff4de9d9700000049
40a13271752af418700000040
6b1511e261309f32700001ac5
b2fe31908edd86c9700597f18
738c70302e1a411a70000001c
12a6ae20b26c05d5700000095
a930a7709efc40d87000000a9
317e589172a7d6b8700000031
e5ddb0413eee9f22739776c10
5c1c1a88f3ac6d3d700000002
874cb22721320381743a65913
c1dfd79fd0455f9070000c1df
9246e6b94b76c916700000249
2372c55e206de9487002372c5
84abec476a7f696e7000212af
f9bc060f6edbb0a470f9bc060
78a71d3e19424c777000000f1
15d57d4730c31e42705755f51
e458cd3969dd2eed7000722c6
a4339334f5ff30b270000290c
52bd959869f21619700000029
f05cf01748601de7701e0b9e0
369411c3b6957e26700da5047
b4026f80c26aee387000000b4
4d080f3cf0220e747000004d0
369add9f7673638470369add9
370f825c4ae20ed57000001b8
93ca38c7632a42e1749e51c63
c03a46821ebfba5d700000006
5596ae2bea02d7da700000015
ec71c7a688ec2c3b70000001d
8ca5a9abafe46ce97004652d4
7a4fe39dd1e475dc700000007
9f6d385518982c287009f6d38
8b70ddf434ed023b700000011
c222dee33fd401e470c222dee
eaf02900d76dd4bb70000001d
dc0f655c9ae87136700000370
0891942be0c18d6070891942b
caf27c0c4eb004f87000000ca
2f8c643ac5e33324702f8c643
bb1af113e8071834700000bb1
0cb0a61ecad7b316700000032
2f50595c45f5894c70002f505
5d9f926f6af1cd4370bb3f24d
3087bc2458d08fb2700000c21
a6eb253b4ac90a2d700053759
99aea86d8fe9ed9970000004c
9dc75ab617f5a1147000009dc
f322ceae0be980ca7003cc8b3
104ccf98c8f3dfcd700008266
8bc0f48bd96acfd9700000045
2030e641e3e7f2d5700000101
4b16b449bf4d4a27700962d68
6886af1fdd47c893700000d10
c35e3af62afba9837186bc75e
baa1dc7cd46b58b2700002ea8
864b1fd3db2c21a6702192c7f
c643c70f94ce40937000018c8
66cac8d22b8f5fea70019b2b2
542ccee24d23203e700000001
7371f5a2d2182cdd700000003
e2a13c964bd7f231700007150
c0c23166dd8b142d700060611
7afae344cc6ce0497003d7d71
61f3391ad0395b0f70000c3e6
6c5da68a9abb84967000001b1
4c8166128a702c2b70009902c
84fb866d4988b19e700000002
034824d6077c1bf0700000348
f023e5ac7d8aae53700001e04
38e11a390e54c72f7000071c2
4046baa85788da2a7001011ae
dfd0cb46aaa156ca70037f432
1562c3d3c534eb96700000055
7cbfbc4099b7b190700007cbf
39e7bf471c7cf9f07000039e7
2d5b7cae26380204702d5b7ca
32a68afa8f03e86870032a68a
305fd10f279de2c37060bfa21
631fa1c4b17d70727000018c7
dc66e9f429f3561970000006e
f074e38e6d77922273c1d38e3
a8402231606f802f700015080
4da72a75afa768d9700000026
56c4835e490275307000056c4
410062202251104a700104018
59a4da6e025b2fa47059a4da6
cf77bf72484f2c7570000067b
554e00aa4045d6b1700002aa7
c586c7d32176635b700000018
7f2f3201f265f352700001fcb
0340ffa6b08673d670000000d
6e3c8b661cbb82167000001b8
71f66a996babc3c0771f66a99
b0e2b397fc097e77700000161
3f1ccdb126a285fa70000000f
4deaddb3e07283bf700000000
30991b57e0186a92700000c26
c655580656e0aca17632aac03
0aa4e90234b00ba1705527481
d0d74dedd39987017686ba6f6
8cab237cc3424fe17465591be
ac01d6762fd41194700000ac0
649f853ebba14d4271927e14f
b5022cff8ab075f770000016a
ad504f3913b8c512700002b54
aa8d25f394aef16c7000aa8d2
cb50eed97a363b717000065a8
f95cdc205640d7c8700f95cdc
874a239afa432e267021d288e
0385dbe635d53bc1701c2edf3
39dd4242a4903bdc700000003
28227adb2eda389a70000000a
82005aca48fb0c97700000104
32a587e8c0383b19700000019
a5a8321037ca9841752d41908
c9a339a8be663461764d19cd4
b19459cc7e78eb2a7002c6516
3eef4ca11657a2b67000000fb
8771310cc77610d27000021dc
f4996eeecf27498371e932ddd
a8f9c96da90174c37151f392d
699f3de4e4fc55cd700034cf9
06b8ffb4154e9f8d7000035c7
d4198fceef4e4d08700d4198f
a56db57e33c7de8970052b6da
79c16fd3271ad9cd70003ce0b
d03afdd4ca1e9428700d03afd
ef0926431f7846d87000000ef
2d3143d2cf43560072d3143d2
6c7b67e733462f0076c7b67e7
9fa27524e5b0cd7f700000001
04fb13d520d2e2b470000004f
7bca02204f76587b70000000f
dbed5448dd63f44470dbed544
45225a907a0d924e700011489
95dd227e199b5eac700095dd2
aedc7a4a9d26886b70015db8f
cb6fb78395e7b979700000065
d4b52481cfcd0fa8700d4b524
a9da5454e09064b370000153b
bf9e91f2264bb9c470bf9e91f
1704491a093903cc700017044
3dbda9ce6dd467737000007b7
e28d49613304801f700000001
963749ad1919d470700009637
41644d122a93dab7700000082
6062bd098860bc31700003031
71bc5fc133ffaf117000038de
5ff95fa3f5807290700005ff9
13beb2f758d4aca1709df597b
836b532c9368cc9a700000020
61e9456652d87760761e94566
0eb0ec217ea4869b700000001
d43b3f1d5ad4a05e700000003
2d09ef404084ff3b700000005
135deff334b0bfa67004d77bf
facd234acbe0e54d70007d669
d40c353bb8c9393070000d40c
3a219bd4f5e11786700e8866f
e0efad89ac9365e470e0efad8
dd5217f2b7a8790b7001baa42
3269d0b90f3a658770064d3a1
c54e396ffc9eded17000062a7
18a6e1c2be6ea371700000c53
cfb1f521b372389e700000003
5f07136121c1b29d700000002
3ef576ed8cb2d00f700007dea
eddecc364f88885c70000000e
69b73a2169ef42f570000034d
9e89de23d3a3a60c70009e89d
641ea193614c527c700000006
df5cbdf759a331ae700037d72
d404db7e930154a470d404db7
e76503cff27c799f700000001
90afa5fa6a63d3c174857d2fd
d5b3cabbeabf42ee7000356cf
761c3c7d1cfd3f5c700000007
ff9b23b8089e2787701ff3647
97f4cd0cd4445b1e700000002
247312e36d37e281712398971
8b2525e7b64bee0078b2525e7
b965569515cd7d3e700000002
42f6082c47dfbeda700000010
c6624d2c9e824b6e700031989
b132877c3fe8e9c272c4ca1df
bc92f7569a852a2f700017925
952e93719f15f371700004a97
79308e4e5d9a47f1700003c98
948a49c7ad2046cd70004a452
76ef401b630aad5a70000001d
8cf1bd1e5ee366c97004678de
73c1eb4e399b57c0773c1eb4e
3d2ce6788935677d700000001
57b65056ce8b209670000015e
8b5195f0ac984c2770116a32b
3728c91572cf61cb70006e519
924471530a8c05bb700000012
0a6fd1b6ef3142f6700000029
34f3ff8a4aef201e700000000
41d4551a0cce2ffa700000010
0a7e3bd332cc79c770014fc77
075861a701c2c17670000001d
7b70e57ae106f9d0700007b70
9ae6ef9b4240065c700000009
a570e358550c6e54700000a57
eb51e99a1c06a00d700075a8f
65734a1dc13eafd270000195c
97165d507f16ff7f700000001
203a1627d132fb5070000203a
433767e7cc795ba570219bb3f
0ec6418108a6fe537000001d8
e3853b6c3b0c0907701c70a76
c2b1e69c355dbb8a70030ac79
b5a60c4f4335a18c7000b5a60
e8e49239e09567e371d1c9247
bee62e6af1b782387000000be
f53fdab34e059b0d70007a9fe
cda021dae329ca08700cda021
259ad7c2bc1b656470259ad7c
60f6c89731e8227e700000001
64f8036cc2c2ac9470000064f
8a8aff1b6bc6cd947000008a8
c525b2a903bace9e700000003
a9a03d9f35262c48700a9a03d
6d39e663a46922b3700000da7
af766e2f4f2e796970057bb37
f1fcc3c0d7f019b77000001e3
13852984083b61b0700001385
21ad1676c0485761710d68b3b
5033e9762341cc9e700000001
2ccd24ef0edfbd0a7000b3349
ce864b329578cf137000019d0
d4f11a7d55cdd8a7701a9e234
33c217d7786286fc700000003
103e3136b4de288670040f8c4
7212a7938d276b8b7000e4254
30843a03184d3781718421d01
9b37e9fa2e7e6b867026cdfa7
f2be67062c35be68700f2be67
774657f8d40c372470774657f
91f1201039d2957d700000004
a249b3908e3ad70d70005124d
1c77d9758f6ef316700000071
f9d729c458ac4d93700001f3a
2234f9705f85eac27088d3e5c
53521f27cfcf695d700000002
974af6d16fcd1cbc700000009
812807352d510830700008128
0435297fed09f2227010d4a5f
4b59c8bfe50e55ca70012d672
ab0a5d0cd8b8dece70002ac29
5518645d00657b74700000551
0d92661fc32fc16f700001b24
bc7203b59543297c70000000b
173b7c6d1f7544b8700000017
348caca7de652972700000d23
2c427843bd53a52d700016213
fefdcad40d4f0374700000fef
93d927ea30ec6c3570000049e
76da60b89a80ba52700001db6
ba91c16245e9c78272ea47058
98ba08beb098039a700000026
ec49b611dce3fb55700000762
35ce7d604e63ddbc700000003
48e4431cfeb88ca0748e4431c
84584194e0dfda39700000042
41daa0a8c92525317000020ed
a95c4011c8d37d207a95c4011
5e787e45e4dee2f3700000bcf
0afbbe27626682af7000015f7
7ddc9a433d53ec0c70007ddc9
1f73069a63b097dd700000000
be2c7452a7ee6252700002f8b
b8b1257d9192db4c7000b8b12
ba55fc8c61b55e74700000ba5
31b219573ec77ea6700c6c865
7876693181aa5ade700000001
2ec87ee1400c6b547000002ec
b48a3e349298da2b700169147
000203fb16a03936700000000
ceb31b13e9278895700000675
fa9e6cde7d0c657a70000003e
d22368155380e435700000691
b20ffbdf74f841ae70002c83f
9bce79a3f870c48174de73cd1
745dd1a4a17e8aa6701d17746
90a1ceeb3d7ec05f700000001
81a09641ccc42fb6700000206
5d905c060cb483ea700176417
8b0be752d690227870000008b
210322a2a9110530700002103
12aec8341e8f062170957641a
4c0e920666e45d61726074903
f660a33b949588587000000f6
9db64e2368a8bcaa700276d93
ebc12d020a6d1793700001d78
b7d66bed408b0a0f700016fac
c5490e7a0f8741f770000018a
810b147b67e399a8700810b14
9cad58827d7908ab7001395ab
07b4da671e497e107000007b4
18e34b1861d4bed8700000018
03d54aca171e2db670000000f
6fe3a65afaa8c82b7000dfc74
09d2d65bba567efa700000002
29d7e838f8a3424970014ebf4
1a2fc931d9bf8c0d70000d17e
f0788bb0afea4d2e70003c1e2
4c47fb8c9e6efacc70004c47f
3aed7ccd2a96bbc5701d76be6
cfc50a2597b486e57067e2851
9acdaae9672a072f70001359b
531a385cd1efc30a70014c68e
435a66698d51edf8700000043
e5664c63ad1ecb7b70000001c
2bbf8eceb15009257015dfc76
0b31892e5ab8c46b700016631
69b5cde925f14a6370d36b9bd
b260ceca48ab532a7002c9833
b02203260fc86449700581101
17931b96c779c2bf700000000
6f0e0ef9913e863b70000000d
8f5bd1ef59d3b25670000023d
b92bc298b438f0c8700b92bc2
b2bae02563ceca077016575c0
71878aac27a8eed8700000071
c0a85f6df112adfb700000018
7f0fee7291a9dfbd700000003
1e07e68a9cc622b770000003c
24e360cb018b9f8c700024e36
1ff0654b37bc795d700000000
af768320480c0e5d700000005
0421a26b44c01593700000084
3988b2fef4a4e18d70001cc45
fd5ea74d7efc5313700001fab
d8615a7111f2d0da700000036
80c70c7e4b45f335700000406
1679214a7e122da670059e485
5fe8be2a58c18aac70005fe8b
36469057e71dc1ec700036469
41843b2a418dd8c7700830876
824af1ed3571ac46702092bc7
e11ce3ef0061c66c7000e11ce
1fd902760147181970000000f
a2a351957d75283b700000014
221b14cac2b47b32700000886
25d4b958f9976ce47025d4b95
8437f32fe99030d3700001086
ce0d6dd338526b12700003383
467207f4f8ebbefd700000002
9fae571e57b2353870000009f
e97733571c82429070000e977
9401cd3db7c66e9c700000009
5e5720a3d996b08d70002f2b9
4d68eb254f24a4c074d68eb25
bf96236c8ca07b407bf96236c
ac65725b8d7ca72470ac65725
a8a57b29da242857700000151
a8e8c864fa3255cc7000a8e8c
a2886a5dec3ecd09700514435
7e2ab27dcbac42697003f1559
f83e016a400e7e177000001f0
1b4923a488dc5f51700000da4
0d85a01231a46cb870000000d
7e4ead5bdababfac70007e4ea
eaa5fd1aae5857ce70003aa97
6f2fe1f2d45263947000006f2
e8539187975877b3700001d0a
6cb20299d3c6708c70006cb20
85b5200b97d1b65a700000021
bd0f6101e33a649a70000002f
ee15034f27cc857070000ee15
8086814d96e1d8d4700000808
6d03b29cc9bd0a9d700000003
f2340215201d3aed7000791a0
6786e19df5602bd570000033c
9e1236f5e9dabc7c700000009
8e3ce7307e6de9d770000011c
97fe6f46a56a8f937000012ff
0ead103b5840231c700000000
a5cbdf9b6334d8cb70014b97b
9fb52624f3d50c327000027ed
e518f566c4ca0a3b70000001c
dcfbdef09c2214f070000dcfb
a80865beff4a43aa7002a0219
91ee3df422a5132670247b8f7
be8b02bcdbb0fa4175f45815e
34f49750926d542270d3d25d4
04becae20e23bc3f700000000
afa53325250bc22f700015f4a
648831899d68243f700000000
67e120943ce637267019f8482
27439b6bf9afc48970013a1cd
3230f1083b702aa4703230f10
8f687c9ee722ec4f700011ed0
69190fc7a2b355017348c87e3
f448a1618ebeb33070000f448
8e13a40dbbb6be2a7002384e9
4e946f8b8cc96c747000004e9
565c7c3e4339789d700000002
051eba4449c5423d700000000
cca4988bbb4f478a700332926
009f279222159d217004f93c9
bf69b69a8c510b8470bf69b69
10a95a02ea14f00d70000854a
241100350cf5fe83704822006
40c4d3098a07cb0670103134c
4966aa35d3717f237092cd546
201e7784769dfa5c700000002
67b4e160e741979470000067b
0ffa1bd5e6131b0970007fd0d
1002c6258b938376700000040
175b0317074d0808700175b03
4c1ee4cb764d2c55700000260
1266710737870dde700000000
a35f045e167c44d670000028d
8b58c210e83c814c70008b58c
d7894dc910ce4a13700001af1
096fe88392148a3370000012d
a228f48eb89525f270000288a
226b172383d91b1b700000004
fa3dee01ec318d8273e8f7b80
298d3701aa08745d700000001
3ce53b86e600f8b870000003c
f16318442fa53253700001e2c
e2694634d31f9c297007134a3
d45111359a31a5d3700001a8a
03436ac9159c02c970001a1b5
0a27b5efea8b8ec7700144f6b
05839f4080bd17a57002c1cfa
85d282f6c046eb38700000085
ef2f0038867046a7701de5e00
25c632b9ff05c3ee700009718
5147ac5ab0269cbf700000000
7c9641e21110fc1a70000001f
8efa7b2e3549cd70700008efa
f013b8530724c84371e02770a
48c2527a3261d07e700000001
5a089ee1cdbebe6b7000b4113
b0da7f4e105fea9f700000001
60174f521d8c54ee70001805d
51397f7824e0251c700000005
8cedad3d13e129f7700000119
32f7135a577498ca7000cbdc4
5873fbb4a36be8f77000000b0
fb9f537e881ed088700fb9f53
185a00dac1766f05700c2d006
34834d616c9a23cb700069069
a012aef0fbe51175700000500
49a308cea43331dc700000004
816abe1a49460114700000816
b1bae08e4e90c03e700000002
279e8d998825582b70004f3d1
2b6ec7f8865ad1cd700015b76
3934f96aacf3e76b70007269f
b7a4ff1cce028371700005bd2
9c9005cb6eb6950174e4802e5
fe753e55ac2664fc70000000f
57e89081443b905c700000005
7f92fc0cfcb8cb24707f92fc0
2e7102e547449cff700000000
f77a9a6a3b5594fe700000003
b2dc2d911099f9c07b2dc2d91
a5e2edd4ce7aa0a470a5e2edd
3011f98002bca86c70003011f
cf3fe0831cf51d817679ff041
d66590b07fca9456700000359
220922e659203c8b700044124
22564c4f979c2572700000895
de1371a41c58c1fa700000037
896cdb96bd06d818700000089
c1c7b9cf88b8f9a371838f739
efd66285064150f77000001df
c6bc11840f02a729700635e08
28b1a29c96bd31ff700000000
2c7cceb7f188eb32700000b1f
b5329fc24b21cea272d4ca7f0
a1478cb685227b28700a1478c
de9c7abdb9eae2297006f4e3d
b9c372775f756cc272e70dc9d
4fd11dfaf09afe7c700000004
9c8f507d442271f7700000139
9cbcbacc7e3953f870000009c
f56e99dfc2623425707ab74ce
faabc3cc81e0803970000007d
83751b97315539917000041ba
73e9a4335892c09a70000001c
a8609e8ac5d9b6da70000002a
82a663fbac1b9d9c700000008
7200a59445fe68367000001c8
302c498fb6ea393a70000000c
2b7d717570259ca770056fae2
8a8301203fa34457700000115
6932776fc416cfe4706932776
83f78b641dbcc0b570000041f
bc7f183feab03a5d700000005
2a959bf9a3d364ca7000aa566
441b8539ea7b22bf700000000
c9525c3fab1e7bc970064a92e
4e9d25a38fe2f49d700000002
5a8c78c543be991b70000000b
e6e3a284d3ac38b77000001cd
03d67bba690894d17000001eb
5e2519b7407820ec70005e251
2ce6e6c4acc67c4072ce6e6c4
fb2ec24e6055cd757000007d9
ef7447b6a0f1a2177000001de
e789ff26b9222b6d700073c4f
8260b293ce87a6f6700000209
91ea7c83f4f4759570000048f
9af7f37980b8fcd0700009af7
ba73b87fbe281e0272e9cee1f
ca2dcf3e93fc412e7000328b7
ddbeab76bb7a54c7701bb7d56
9ad25270a32daf7870000009a
115e576893146772700000457
b6d4e05a5f27e3e77016da9c0
6afb20a88c98a4ee70001abec
839335ab1dbae21c700000008
c1254463564bf1fe700000003
eab624edd02d7f72700003aad
ab33d9aedc7eb0cd70005599e
9faf77e46657219e700000002
ff6136373896f1167000003fd
042f38e12518927070000042f
b7a6f1d23f0b5d03716f4de3a
196cd1e3861e572b700032d9a
8e29f82630e32211700004714
4196f51c6964c64074196f51c
5d3f4aae1e16a111700002e9f
d574e6e6773a253070000d574
53314cee6055eb647053314ce
e6d6d011b9640588700e6d6d0
a0d73110817e535f700000001
e72dac579480a395700000739
a1ad3b6c6532b3f87000000a1
9c1eb44cd6ba5f687009c1eb4
8d7dffb6b0ca3a317000046be
ea90f0b209b89332700003aa4
0270a1648790af8b700004e14
1c59cb30a33335a170e2ce598
37d22cb4c3e9b03b700000006
e4635f63d4a946ca7003918d7
f6bd9b0aa42fb8207f6bd9b0a
2c309686f982b48970016184b
4945d551fbdaa6ab7000928ba
785179eac5b9b12e70001e145
3a5f2ac0ed94763370000074b
364a0985b38efe28700364a09
2ef2dfd250692090700002ef2
ce988c978e7cbbc8700ce988c
23a12994b76eebc7700474253
997a53d7109cda5e700000002
db92a2ed2796a9867036e4a8b
3835f1eff0e945dd700000001
6d90769cfbea954271b641da7
0441ba4e32b04a72700000110
1defdbf27336f824701defdbf
6edc29fd22c1de1f700000000
9e20d8fca491721870000009e
34573bb4619a581a70000000d
eb30e16c2ae913607eb30e16c
92b34750e6f4aa1f700000001
ff9d368808f00748700ff9d36
7dc748afe521ebbc700000007
96ba7922fd6e9a7d700000004
ac9689f570ae358371592d13e
a40a4eeccbd188ba700000029
9473c57eaaba7a2e7000251cf
9d743e7f1ee63491700004eba
420e7ae1a9cb54bd700000002
ba381382efe338e07ba381382
bfc379de2a71da3c70000000b
9acba86651b86e1f700000001
590191516651a2e97002c80c8
5bd762cc37a74d1d700000002
46acf44afda6eb047046acf44
0a7bb46a53218ca37014f768d
8c225c7759cae19d700000004
df03cff60d2fc64f70001be07
8bb160e3edfacb1670000022e
fafc54e79102ba497007d7e2a
941e5577d7fc77b57000004a0
08b6ef19c3db65de700000000
9b43bc1db28154f670000026d
065438c536d09988700065438
5a0815e0432e83f47000005a0
fda446cb06840ece70003f691
dbc732fb5d5c9c9670000036f
63c187cb8db2dde970031e0c3
30e97b1f58aaeff07000030e9
1205652e9fb5262170902b297
2373fda862978497700000046
38f5647ed8e04671700001c7a
d9479921fb35f73d700000006
57e7aa073bcde8b8700000057
de1603fd591658587000000de
eecea77b493edfc17776753bd
fdedb8bab00ab1557000007ef
515c2e109ce43788700515c2e
c381b7fdf7fedaec7000c381b
ad3b074501d5eed67000002b4
2703a0a9c01f3fd5700000138
c7de7db6cb0d83cc7000c7de7
9fbc2503150f397870000009f
1b582d860f1c90297000dac16
6b70f76a76ae87f17000035b8
4bbff3c3a01771d9700000025
7b6a7d5660d1f88077b6a7d56
3aaeaad1dd13c50d70001d575
301941591be0b01a70000000c
027d1b4d69ca795c700000000
a7cf71f56176c0c970053e7b8
4b9e4adda4be1adf700000000
4eafb227c657c9b1700002757
a2e85fe686d6192d700051742
b8e2b15c4a67dcc175c7158ae
69a3acea8637472d700034d1d
f8647990ac4be5c07f8647990
270ddac9d2c8b9d770000004e
3bb64ae40135b77b700000007
c9c137e57f22b1607c9c137e5
697d9e8c81e2aa2c7000697d9
265582462b84ede8700265582
c9eb697c3cbc7a1a700000032
141c2f9068d544d4700000141
dfc62f3ef74e9ed3700001bf8
53c600106410d0b17000029e3
c268cf0bb81222b070000c268
62a99f52d30f49cc700062a99
89e236d622b6b9e57044f11b6
4a973f39b90b7dfd700000002
d82e5289526626ae7000360b9
5d71bf0ae0b7f331700002eb8
1cbb438fb2601d13700000397
ef21a379fab7dd6e70003bc86
ca355efc192bd58371946abdf
5136d46713387b47700a26da8
6e5c85bee1b550ce70001b972
6a173526d418a7b2700001a85
2d841e8e2dae38fe700000000
cafdaae1ec84378a70032bf6a
c1412fd98b03361f700000001
cbc85a800b83ad63719790b50
2dadec4d55ea36167000000b6
5e04a3a24f97b2cc70005e04a
adaedaa5f0727e0470adaedaa
194e36808c0ac43070000194e
c2233fcf2ea4bfc470c2233fc
56f3ae99e86b5cf07000056f3
005254d5421a26457000292a6
5826d4dfaf0084b3700000b04
e9756653eeb08f2b7001d2eac
5cdbd81d0fddca05702e6dec0
51a122761e06c401728d0913b
1cc01bd54fb5a4487001cc01b
61cd7ce955acf9a1730e6be74
18952248e6ebd566700625489
02f12355daa61038700000002
a4e26cb7ffde3668700a4e26c
cbd614ff7a71fcb670000032f
65b750d1bc200e257032dba86
f0751ef5af833b8b7001e0ea3
80138f1f58b7704272004e3c7
7b1ede66c9d8105870000007b
7ba276c9c536d072700001ee8
e3a1081caf646c9d700000007
834361ce005d03d4700000834
68231d120ad287cc700068231
4b8783b62fdf014f70000970f
80a4d61e43def0c1740526b0f
98d8b85c9891ca1c700000009
70e8071d04a498af70000e1d0
e69685da71293099700000073
07a726a67211bf1470000007a
710721b3e90430d9700000038
16dc475dab938c927000005b7
5dc2382853f6927f700000000
d9a0efdc0d55ced070000d9a0
f8c38b6453ff22fc70000000f
55c823a44991acb970000002a
a16032416eb199267028580c9
3a2fb0687904ab86700e8bec1
0b4a777b24e46aed700005a53
0680d8d9ba2eb26970003406c
9b4b8533dbef5b9970000004d
929080b8c4280ba9700494840
d2b69193860b0722734ada464
bfcb0243da9c2d0175fe58121
323773161eedcb46700c8ddcc
120c4683008e8e56700000048
be97390177c854f070000be97
3d2999262cf123ae70000f4a6
cd33aaa2d298cdf070000cd33
8d9a7b831cd53d43711b34f70
d2301a30e63d0321769180d18
2cc76b4765aab959700000016
5b755abb5656891e700000001
e3d5fafc3b82968f70001c7ab
1d4df23a895bc0db700000003
816ff436b145e89570000040b
6caa88b34f76de0b7000d9551
eff9c8cd20325281777fce466
30811e239a1b4177700000061
a6bf1584e0164668700a6bf15
2996d0dcc9dcb9a1714cb686e
73d7abc4fc599fd570000039e
5b954473848a29e2716e5511c
2eaf8fd4e5660523705d5f1fa
bdd7909d9e98f1007bdd7909d
7029a43478dafe6a7001c0a69
b9ec631c5390ae6470b9ec631
e06ec9230d5c0441770376491
1e5a02823c63569f700000000
ed72aad44fa5a34273b5caab5
f65cb63507d2dac07f65cb635
74175793b4c889ab7000e82ea
08a7f5306175e2647008a7f53
42484ce32e4865f4700000424
1ad36d65e91a7db870000001a
2bbc3f888de96a19700000015
46948e5bd0daa6267011a5239
8e79532c9a991fc77011cf2a6
1899956f0f8308d6700000062
f1205a877e64dbe470f1205a8
779d97aa961122cd70003bcec
40f7b03f919bea58700000040
058062745d42f73f700000000
963bf0cb536ef75270000258e
ce2b2402934caf9270000338a
db3a824d531b180f70001b675
9e8d446109ff866a70027a351
8b8c2887e4c5f6b570000045c
0516a3ae37ad5a9a700000001
64d941e623414f93700000c9b
fd1ebd7334d6cba177e8f5eb9
2d467158379dc5aa7000b519c
d3d83e0879d3ff22734f60f82
a4463d02a1a446fb700000014
acf5cac2fb34a43170000567a
7a258bb2ea323c347000007a2
66a9fe132c51c5c47066a9fe1
c70cedea9f47b459700000063
b9730c0ec2249c8a7002e5cc3
8457478a435114c4708457478
0052f339d201bbe87000052f3
700e92d2b73d5898700000070
40f4e6f910d06237700000081
14b830e0fc07425c700000001
845bc06f6a430a1070000845b
63c019f21e50674b7000c7803
fe0a42061d0d9248700fe0a42
4b4a12f7074b032370969425e
dd6bbafc3d99dc0a700375aee
269a183dfb6d70b670000009a
8bded85e6d654f4d700045ef6
5b1fcb4ea52666fe700000001
0755d6d1ae39fece700001d57
18cf5ef36252e99e700000000
91e6552fdfa56d1470000091e
de24561e286c9e1b70000001b
07a55eb39f3c77a870007a55e
3196c0ea47a4f4bc700000003
d0f08ad25d781c207d0f08ad2
a4c57f2a53ec0d35700000526
afc1c86e32199792700002bf0
89b19049481ca916700000226
3e50825ecc880d8b70007ca10
7eceb2658fc2cff1700003f67
0b861ab7714546b670000002e
db5d4e34fa4bc642736d7538d
01cf962a57481b8e70000073e
0a6f2b1db5ca562770014de56
89911b675d66ad0970044c88d
15766004e0c73adb700000002
5466e46038eb625970000002a
c200b1035f3d0072700003080
6b6509a16a1c60f2700001ad9
ad39f0fbd53204167000002b4
425321436c663d00742532143
f58f7f2d3ed2e5ba70000003d
13705d69d9861cdd700000000
9e627845f42cd04a70027989e
3507fe36d9d9b0f970000001a
68b72b68cd4140a6701a2dcad
4c90b5283da6ec16700000132
00f6079344a8a7817007b03c9
f7d12e8fb870a4dd700000007
b16cac375cf23434700000b16
cc98d9c7f25bc9387000000cc
001721d33c777acf70000002e
af9ca0632e0b54b17000057ce
a8e4921144594a6d700054724
301b17ba1f4bf27c700000003
1345d4fe104e6d487001345d4
b0ba74f3ca1efe1e700000002
69cccfd4f9ba86e271a7333f5
5b7f9ee9bb763b8075b7f9ee9
eb3d35bb4727cce17759e9add
dc12f0b0e817eb3070000dc12
33661cfe380667fc700000003
bfe190f57e63a4a272ff8643d
055130b2227c7718700000005
4a31e2ef916242d1700002518
0137b36ef1cc748670004decd
abc6d18a175c0237700000157
30f4e68b52138bb370000061e
7fecfa95b4fde8747000007fe
4de382918b5f3efd700000002
3a054536b43b97c4703a05453
c0f4f909b13afa2a700303d3e
3d068138e05701e6700f41a04
a0c289a5989b53d1700005061
971d012d99d06b3770000012e
ea1068807c60d3577000001d4
2f3ee2e04c15cb887002f3ee2
1ddd0a02bf12978c70001ddd0
bd9e2f6f2ed0e423717b3c5ed
5c8351d16ec4c62370b906a3a
c943071de197e6917000064a1
4c78d9ffcbde505d700000002
1745d40c1c5d188a70005d175
e97d55da92b99dbe700000003
c22b4ba107b7df007c22b4ba1
fa876d1c908d0308700fa876d
fe3c490afba6c4b3700001fc7
2f8683ee32304dc77005f0d07
109c31bb494bbced7000084e1
3ccf4c0f18ee1512700000f33
44192c9fe4905d9c700000004
c8e1b898f0657995700000647
b17ee819430686d9700000058
3958b9cc3bb2c40c70003958b
aef15b2b4a3d7b66702bbc56c
5f87370e1747471870000005f
f27fbdd67b948a2273c9fef75
d7edd9c8d4ace4bf700000001
1cbeb53949927377700000039
8d552037168a0b39700000046
2a6567cdee0f40347000002a6
de90669ffb3a7e2371bd20cd3
f7437ebc3442280177ba1bf5e
bc0ced75887e444f700017819
c44a3fabac45570970062251f
2d87460040ea4363705b0e8c0
5e4f3f4fb4985dc5702f279fa
fe88be3c4a068d607fe88be3c
5ca3380338b9bad2700001728
cfff705f20ba7c2e700033ffd
7c63f24db5eee2b0700007c63
dc6ce2f877fc3bfd700000006
f468a2bbef19c046703d1a28a
d8a6af4d3d0b7b54700000d8a
ea5fa50249d008b2700003a97
5cd10535c4f60c96700000173
2229b346274efbbf700000000
c3932b11867e750470c3932b1
dfe137dcc91a9aa67037f84df
6badcedb0ca057ee70001aeb7
600b31083ff6a6e7700c01662
a62a2578a4eb79007a62a2578
f594e1a35ac210a6703d65386
1fd9d609f48e11e4701fd9d60
cfd69032e85294db700000019
cb38016deee4f93070000cb38
b3a1045bb31aab92700002ce8
cc4cd4d10f8dc4b9700000066
946d1ae2d0ddad837128da35c
d3cfb938d0b32081769e7dc9c
966e1bbb06a600cc7000966e1
df804f8901ed208c7000df804
f0f9dca9b5d333ed7000787ce
0d0acf76417c64d9700000006
9e3050558c475b31700004f18
fa4e8bc25538b76371f49d178
5ddecde3b7903f04705ddecde
05a6e50f9b0e976b70000b4dc
64b9dc0adb8dd0d9700000032
9601409aa2b2540c700096014
419247d7fbe7b12470419247d
e77e5fc704a8c8f17000073bf
01e4ba0db584784f7000003c9
4bdc50514006829870000004b
cfaf79c93bf201c1767d7bce4
3f7b375efbaa8f90700003f7b
2e9204803e4454967000000ba
4e4a1d702af6a5e271392875c
318ffe0013384b27700631ffc
bc22abdd15c61272700002f08
dd09afd472dedf4b7001ba135
3a96ee6661842fcb7000752dd
db32ef3b033f8ef4700000db3
dae0b29fba3b3e757000006d7
665550c86a1c7cf170000332a
65e3179a110bb3247065e3179
e16c253a594095ab7001c2d84
46ac8008c22b8b55700000235
af0b3f1aa9f34208700af0b3f
f2bcbe4f5e28e5d77000001e5
91b7b965034250b270000246d
4004b30a4ad877d9700000020
8ba503638711737a700000022
92690fffefeb280c700092690
7b27cfc889847144707b27cfc
354d6f510d3bd86270d535bd4
057b5609b0e91faa700015ed5
d5c5f6f2c2a05c22735717dbc
00c5367afecae9a1700629b3d
af4240c5f0d8cfc6702bd0903
494ad98c06a592e77009295b3
4e4090775d1d66db700000009
0cb7c721975f5924700cb7c72
913cee2e8055516470913cee2
32af220f065dbd447032af220
24f793a9ec134720724f793a9
8903f574e829e6d3700001120
612dd511b29b9d6d70003096e
5222973f335f71e6701488a5c
3feacbeb72a05e45701ff565f
6ef0c5b2b6e897ca7001bbc31
be766df0e05f93c470be766df
f74be4b469a058ee70003dd2f
82f75f662fda6c617417bafb3
5390037017c861457029c801b
2f914183b780564d700017c8a
bd2ba608c39bf5fc70000000b
33038c25dfeba8f7700000066
299aaa204bc25646700a66aa8
96ed1ad8fba8f94d70004b768
7e3189186f48a06a7001f8c62
0e66bd715a60bf95700000073
0018052a2f4f9a2f700000030
01334bc571113bca700004cd2
4494b0850b1dcbc67011252c2
d48007a0aa216a7c70000000d
cf20ead8ac5ba89070000cf20
4b75295eead5845c700000004
efef52265e8759bb70000001d
6e15f867a4e898c6701b857e1
9626230071a4afee700025898
bf8645f0e443663970000005f
1d0f76bbf9c75e9a700000007
2f1510485aedd8ec70002f151
d9e8b6dd1189494a700367a2d
428361f70ca906c77008506c3
be7dcc4037bd1065705f3ee62
73755b71f0f059fa70000001c
52b6dc652e93a133700000a56
f242c7fd4c14fad9700000079
a4a517230d6e5d75700000525
149bbd6a69c8a23c700000001
491cc247e3fe68aa700124730
3bf05ced5074a0e6700efc173
f1b89c05581a88b9700000078
a356f79711f16fa970051ab7b
36de6aeed7a34d8d70001b6f3
6995e1ca18a7af087006995e1
1fa9166fa106b90e700007ea4
01d8a36a6b9bebda700000000
88696de0f64a4a6f7000110d2
67fa302030fe428f70000cff4
596429502ff9a7377000000b2
d5574af4a12a44bd700000006
c710d576ef8d41877018e21aa
daed4b3a4478d4a371b5da967
ac2e9dbbb93b29a57056174ed
ed1f9bd8ed14b3e273b47e6f6
d70bbd96b45ba9da700000035
69626116d2e5f14a7001a5898
ba23cac3db5431dd700000005
34894eb1c2f686d7700000069
131aed29281918fa700000004
007778073777ed09700003bbc
7068199fdc20928e70001c1a0
4465249f9f63485370000088c
5ec74e1927c6b01e700000001
b3bccdf6ed8d84f4700000b3b
08b364f552425700708b364f5
aed04ed6ab4a32277015da09d
62cb9b8e9f91072b7000c5973
09d70edae2c46f6a7000275c3
7e13fa25366f03c271f84fe89
c0368c724068798f70001806d
28472421ae30e2ff700000000
b5e420cd844da27b700000016
e6b670d4949fde3d700000007
38f71a3ad445a0b1700001c7b
ebf363902d40a7f4700000ebf
40147c9345b98856700000100
5fbb66cfce71d62075fbb66cf
adb73d4712ea9b7d700000005
2baa5711ba90655570000015d
6cea78fdbbab855c700000006
a770928dd63c416f700014ee1
4f6bd122456e0cf27000013da
14db14f2f6ba6ff470000014d
c3c3d4985c1d01dc70000000c
b6d7ccb9bd1e40c97005b6be6
38437fb22f2c1bf0700003843
5b6623c7be01fbfa700000016
35c3c67c7ffdc3d8700000035
87519503223cad5a700000021
db365bb42964e5d4700000db3
aa688d672f2b393f700000001
c61d63adc1785cde700000003
a3935abd2d096f1e700000002
661689c5937257df700000000
4271c23dccc2452074271c23d
17bd1b19068da371700000bde
b1a9e114f36e6c3c70000000b
5711dbec038d96cf70000ae23
08504f2f38a25fbe700000000
5b8337df1466959d700000002
e4a1af68df9c01b5700000725
a2edb49b6b2a47c8700a2edb4
6ca0a62e4ae48f09700365053
0e63161812e561ed700007318
bfa299eff31ae91c70000000b
8fc8ed3697432b057047e4769
291e0db776f8f48b7000523c1
a7dd47c0c52375be700000002
c95073dde1a657aa70032541c
339f4f708360613c700000003
f07fd2112c5c692570783fe90
9069c6c4898074af7000120d3
fe95ae554415f3a07fe95ae55
3fc7ae155344c26d70001fe3d
a203b4c95c1b0d59700000051
85e4de184b6b8f6b70010bc9b
292ad286f790378f700005255
20e4974128fd6820720e49741
16a0f3af37f27fd770000002d
e3897337b6e5c1c8700e38973
f6be1f9e212edeff700000001
0a094da16ca0aee37014129b4
7139439aff1662b9700000038
98c51ed86765fa2b7001318a3
8f4f61c96c9d54887008f4f61
972d61b001fefdb770000012e
aad3a659fa20f0c6702ab4e99
365b765645a08fa3706cb6eca
02c9a4ad63b87d0c700002c9a
b610a94e2c88899e700000002
fe0a6370f93449de700000003
e696c3239053688d7000734b6
f70aae8fd6ee3313700001ee1
48f1e6d33dbee2d5700000247
c2f3bff7f73ec742730bceffd
aaccbf215224202f700015599
0cd8f0d24882076a70003363c
7461b038b35f3d7c700000007
38023064cfeca30d70001c011
bad2655d8e669a8c7000bad26
421da5218b220e8d7000210ed
8d78d5b36ded3a63711af1ab6
90af320149546a1e700000002
93deb9e1f060ac6970049ef5c
e83c3ddad89dc11170000741e
1aed19748d0e8afe700000000
b39522aef6c7c433700001672
7b74b0f5b33f68fb70000000f
1d0a0595897d4c7a700000007
eed6228ff20b5d4a7003bb588
59073763a1a7b9777000000b2
9e56d7aa78e5b423713cadaf5
460bf1611f5119c8700460bf1
1e56f851afc5fe8e70000795b
d522d1b4d1dc90f87000000d5
1902d2c76cda03a4701902d2c
b88fece643c7a277700000171
f8e97a578c188ae177c74bd2b
3b7cfae741bfc67870000003b
101a6a7308726382704069a9c
5802a54740758b0d70002c015
1a9e9ab48fd8af4170d4f4d5a
ff02cb364771e1b070000ff02
1b30c215afb55b10700001b30
2b312d6bac9b73bc700000002
0a48fee721cb5dee700002923
ffc2fa460c3055b1700007fe1
99c02ddee4987d907000099c0
1482355f96befa50700001482
02d9d864a4783239700000001
6cff0e1965d27aed7000367f8
450b3a8b3c881a8c7000450b3
d6046e556c4825e470d6046e5
c9e46b58f8ff3f467032791ad
3f00f1fed12d01cc70003f00f
00d0a9216fee42a67000342a4
42cfa926baa8ba60742cfa926
26d8fa0c77e06343704db1f41
3ae57a65cec6e6747000003ae
38d06246184ce4b57000001c6
aae532287a596897700000155
6ef04a87adea9fe9700377825
e755204229638a8c7000e7552
d0a599c7432e6cfd700000006
7a990ee31766623a70000001e
7951cea96602a584707951cea
81a58e5346ff89c7701034b1c
f92b2f273632ec9970000007c
6ba4251ac97d6eeb7000d7484
6e664cc87a664b7a70000001b
28ba2ccbe4ef7b0570145d166
e61fa2744710ace17730fd13a
cafcea192521ab587000000ca
acd515a70b0d55f5700000566
c83af1abb24b183070000c83a
612878a5ef83e3bf700000000
d3941951e2c5d32a70034e506
34ab682c86c41b2e70000d2ad
00273f14b0297c7b700000000
ac0f87cf44324f9d700000005
bfde6a9093120ebb700000017
92b086888cbe8240792b08688
89aa61f2c8c23b517000044d5
8bbdf45822fa7b77700000117
09b54b68bcbff097700000013
8f86ed3ac68bbd857047c3769
dd17c17c57f8c04371ba2f82f
0517f4d3c19bdf95700000028
420d8b7693f0139070000420d
84a9f1cae29c8ea5704254f8e
65ab89b4d36a3a317000032d5
af355adaad3919c9700579aad
2797db5b78921719700000013
9ca235020ed588a2727288d40
801a2e1b288bb8b170000400d
c89ef648b0ef9139700000064
a2db870d689eb09f700000001
af5e91836c9246c57057af48c
495e15f7b0ee9fcf7000092bc
ea4c2d93a036471a70000003a
5bf13547a958b2e370b7e26a8
9dce2e44968fb17f700000001
557159e0a8698d13700000aae
d9e959820658d59a700000036
baeef06d0251878d70005d777
9347f732367936e970049a3fb
ee7f03a5fdaaa759700000077
e9a38d0080beb3a371d3471a0
5de8c6305811d17c700000005
43784ea900fb7e18700000043
52bf51c8d31c94f27000014af
3eae30c4e732a7097001f5718
494159865eabd5c8700494159
1b618ec4b139be9b700000003
c3adbdfc950e65f070000c3ad
5f6c7a9370831f7f700000000
db8cea9f1fb8337f700000001
025135a27862bfa8700025135
4dfa7983b1b6f9027137e9e60
f5daf9888074810f70001ebb5
de958f23f7283ab1700006f4a
fe94530f664ab691700007f4a
f88ce1cdda596cac7000f88ce
e371e78cea0d125670000038d
a5007e6252181e067029401f9
f745b3b1b38940fa70000003d
25303dd31ea63a96700000094
757bcae4a1faf1967000001d5
9213e92cc13542a77012427d2
c80dc06d91eed00f70001901b
9604ad0b8e0e4e58700000096
330fa2e36ba2ae06700cc3e8b
dee04ee482a2c20176f702772
81f7cf7d271a108670207df3d
a4a3b012ad81d87e700000002
02b1da7017c94f83700563b4e
fc4b2b29b73456c371f896565
06ce5f68886c2482701b397da
fc88d819960e00b57000007e4
a030f065c31c616f700014061
77f437bdb75ae38870077f437
a504bf9f25bfded2700002941
799736e7712a546173ccb9b73
eff6ee786726753b70000001d
d08fb3974f30e092700003423
035f1de0e913191b700000000
6dbf71e0987b4fff700000000
523d42e64497e2c9700291ea1
c78139d4a2c8f841763c09cea
51de5417e639db8970028ef2a
59882fe8d74ccfed70002cc41
f1c78e5515589ec273c71e395
8f0e41c4da89763f700000001
5548d9d3def519f970000002a
3d12706dcfb4c44d70001e893
025069befd67603d700000000
34cb02c36b6c280f700006996
33466a7c29044aff700000000
bee7e58d4ffc0dcf700017dcf
f55e8daf6d179ec97007aaf46
62a32d02e94f392e700018a8c
10170dbf9d186fe17080b86df
054f613bae419a4b70000a9ec
fc41200ae2a2b6557000007e2
e22cc218114bc52371c459843
e093daaca3b4678177049ed56
b771b9d749781c557000005bb
81cc4a4b86db3643710398949
52cf3dca5c43dea47052cf3dc
59cbe9333e16526271672fa4c
7cc160279dd9bf1f700000000
3311e6c2d857466e70000cc47
6c95e05bbb44281b70000000d
f2285c1f9ede9c9f700000001
852a9f3ffae66f937000010a5
84afc8de91fb56cc700084afc
7c0d36edce74324a7001f034d
8180c571ef77705570000040c
e480bb3b8bb4161c70000000e
a627defac298bb9070000a627
bc85e6cf3f9b273070000bc85
ed322e22df0855b87000000ed
c221f9a7c50702d87000000c2
b4df090b80c2d8be700000002
d6a78a5f0732ee777000001ad
6a22b1685cce6470700006a22
9ca8caf3ae6c908a700272a32
436542172acf0c30700004365
df709b59d2d699207df709b59
d1bfe4b7457edfed700068dff
799c5745241f3171700003cce
a5ead71d45cb903d700000005
f541a788447c80d070000f541
513728874deaf087700a26e51
938721fba5c7ec317000049c3
e0331146547e5a9c70000000e
83742e2d50e484c67020dd0b8
149b4ed9bcbe08ad70000a4da
32e592391e3cd12270cb9648e
166a08940d494058700000016
5dde1740b19a32dd700000002
101c48b6216f282d7000080e2
bcf6f283cc227f1b700000017
2bf01d216e4bca24702bf01d2
0353a8326835b2287000353a8
0ce84a3235bb9e7370000019d
099604835f1937d4700000099
d35895d29588107c70000000d
09ae546db4a05b7a700000002
5f7b4a53c7d6d5d870000005f
d7a42aafb1e2a6e176bd21557
d3f44e12aa9bc09f700000001
474226e424a3f221723a11372
039c27c377c8c388700039c27
d9ac0e9d121ed0b1700006cd6
a6ef7a53d33999dc70000000a
ea6beb57b3341f0d70007535f
b131ddbe2555d4877016263bb
c1caaf68d202f62b700183955
9e4d0e79fecb163d700000004
ad2ece84739db2407ad2ece84
9f30b3e24bca5f62727cc2cf8
1e58fb33686b5c4f700003cb1
3f86aa71c34b04d37000007f0
b9b0601cf135c9f4700000b9b
ef23e66e6d9004d67000003bc
28b2cd8c787c47bc700000002
30349f36a422eed3700000606
5062723cef154ee2714189c8f
90046af9ea3a8ef2700002401
e1ca11899fad1f9570000070e
288338648ec9f4f3700000510
f3e37e410a8bf97d700000007
7bb35f546576e6377000000f7
0d7a81579d9a2a9270000035e
84a332fb837136b07000084a3
5ab4a0b9a02f369c700000005
667584d6a5cd706570333ac26
e61f80f09ed81df070000e61f
07cfb3fa4c0f8d117000003e7
4b50e9cf276229f27000012d4
8c0f0419434056e87008c0f04
5a77150cd9493abc700000005
7e5811352318225d700000003
af739d321d4d7cfc70000000a
75fc314b82555daa7001d7f0c
1716140a979da6c071716140a
8dab515a92c5aa277011b56a2
0ebc667c3c8930f770000001d
58c5cabcef8ad7a7700b18b95
c09a2a1f8b23c49e700000003
405ad3e51c0276f070000405a
3ad8cd8ae97b19747000003ad
305faaba97aa1e37700000060
057aca37be6978c1702bd651b
93a9bc157e7290327000024ea
2ea7064a245963eb70005d4e0
bb2c5303e8d8e4557000005d9
1191769dc057a2b570000008c
1e928e9fbc2eff147000001e9
a04527d5b5d918e07a04527d5
9d9ca501cf2ca0e77013b394a
48b6daa7d18cca907000048b6
26a8a750135d65a17135453a8
d86aa0603a65177e700000003
9e621edc526c832a700279887
79adf4ed7b25c18370f35be9d
2290733596d85f067008a41cc
55817d1e104beead70002ac0b
9dd166333777a55870000009d
25859744cd55e092700000961
8f06db24e6fe0f2a70023c1b6
dd5dfe5ec9675fdd700000006
6802d9180477cd55700000340
89c61ca14cd125f3700001138
6972cd56080a06a57034b966a
1f2de0575880d96b70003e5bc
8bff5d9649c562a4708bff5d9
153732819ec961bc700000001
e4be64d9ce0bbd6b7001c97cc
ed6332f959d936b2700003b58
eb721baf5e61e5167000003ad
df7b7a50ec9565f1700006fbd
3f1f9129c61b16b47000003f1
9a4019d74bbaa0c87009a4019
bf2e06f1672ad6ed70005f970
6f26f7426189ca0c70006f26f
b253a71c1d1ed74470b253a71
a2379d5d038ad34a700288de7
1214b42122f4be47700242968
0c579ac0bf0be2c570062bcd6
e6d51b7f18f85f0570736a8db
e7360295a57b183d700000007
b8481e6c5b21156c7000b8481
8660fedf08b3fd82721983fb7
cbf062652d966dc07cbf06265
e9d9c2cb92a783be700000003
c0c45a95070314877018188b5
adf608550914e63770000015b
0c2d3afa33af54ff700000000
40d2194dbf5799107000040d2
555e4a266cb4412f70000aabc
753358094cce0704707533580
4acfe6a6475539467012b3f9a
cd04f325199851f37000019a0
fe64f8886ef27f007fe64f888
64ae300b0d70ed2f70000c95c
cdd95213cf916b987000000cd
505deca20f67392f70000a0bb
c84de95fa8d2ab4e700032137
42dd919df2ff52a37085bb233
597d2eecfcb949bf700000000
31b149d2662cdbd470000031b
88516b3b0e65d9447088516b3
4f11ab885954ded0700004f11
e39995e94512bc3e700000003
21887f2fc0b56c447021887f2
e5a1337358b961fe700000003
37c90639d8f8679f700000000
37b6141cd18fc54a7000ded85
b03293266f971d4d700058194
ae46a798bb4d6a2c7000ae46a
254e0008a2f329f2700000953
99416071fb07cc28700994160
5e25b644184a4a0370bc4b6c8
9b8ad686605e4d0f700013715
6c38494875ae1406701b0e125
7d3427ad2dc133747000007d3
1997887623f5c585700ccbc43
16e9bdf4897e20e97000b74de
d997705ed2eab8fc70000000d
244e3842a502d0407244e3842
d608d04b717f82ca700358234
4ea63be3e3b95eb47000004ea
aee25cb3e030a72970057712e
69c623995363bed77000000d3
7d50ef1adf9b4c51700003ea8
40dce8e1e928c3df700000000
4a03ae3189bba0dc700000004
2792b94c7adacdbd700000001
ca56202d7491ce0273295880b
0410d372d3298aff700000000
df23cfe051c20f577000001be
c92e57ba8617e0cf70001925c
4002a270efbcd20074002a270
33464cefa268f014700000334
d2b349bdb5e3074371a566937
6e7a19741aac748076e7a1974
37a0f8dfb5d6a5d07000037a0
8aa9ecbcb1a9392b70011553d
ed823e75b9f7b94c7000ed823
de113bdd127840c371bc2277b
8acc917d8c7efbdf700000001
8ca4f6a0c8835b8970046527b
bb7c3a8aca8363967000002ed
56aff6adb186f5e370ad5fed5
09ea865940c488a1704f5432c
8450c441a45790a078450c441
1c605aa921f89d547000001c6
48ebb597e41dd87e700000001
4f8277b1ad1e54d770000009f
893d1dc371956fec7000893d1
0b4b9dc23275c0fd700000000
3c20555383bf623c700000003
02e7115dbe3d7de570017388a
dae1bbb405b065867036b86ee
fc8cc70a71975e4b7001f9198
b54d9a298e9271477016a9b34
04faf9c97d8992c0704faf9c9
1ff4bbcee3f8ba737000003fe
c234b49b66124ef5700000611
79b798ddc4c5cbc0779b798dd
b57324bc8eaeeecd70005ab99
5a884d7db780eb2f70000b510
ebfdfa03c69d1cb67000003af
4cf366c28774857c700000004
9758655d7b82906d70004bac3
9168cf67eb41a27e700000002
44bcd8f437f9100570225e6c7
4947456384865dd7700000092
f52bb413bc270b7070000f52b
ec84e6e995754711700007642
da7ea5f668871f16700000369
b9c4b126e82f34b4700000b9c
91e122b7ef85ad847091e122b
5225c407ddd1d6ef70000a44b
1ab2d9f999e7ccd670000006a
ef592e715c335206703bd64b9
c6edb671c9fe167670000031b
42070ca9b2a931f8700000042
e207b6fb4e638b977000001c4
94fdabab2719657970000004a
17976b14a3cf2d1770000002f
523a6659f28da587700a474cc
3cbd86522ff1cc147000003cb
c43b7f6d2faa83a670310edfd
d344e9d94d9d2b6d700069a27
a0ade0ca10f8396c7000a0ade
6fcc5b02aaff4987700df98b6
daa687fe8cb08a54700000daa
67e75c6800908e9570000033f
253882cc35a0901e700000000
a6dde5aa825498337000014db
e809147b67ce91b070000e809
e3dd9c2e694c390c7000e3dd9
d37218e523a411ff700000001
6ffaf714be71915c700000006
7bbc834a3dcb4b287007bbc83
a362ae2a4af80a0d700051b15
88fae762a8c6b95c700000008
eb45b93c3a75faf070000eb45
add76c7997fd0e83715baed8f
d8bf93478e82a64371b17f268
9cea5509c4d2665a700000027
105b0117351b4c8270416c045
1436e140c81cf8e071436e140
3ed2bc4fc423a165701f695e2
97a13849e7f569047097a1384
e2bb0fe2ef1d7f62738aec3f8
e4a3a01b99b5e22177251d00d
984477de9bbd8038700000098
443fffe0fe5cc918700000044
9743b735b0c1910b70012e876
3e5f058627858de97001f2f82
8552b6f946eae8077010aa56d
7e20b533b418cbf3700000fc4
ef57d513c4fd1eb4700000ef5
e76ec220057f1f6470e76ec22
0ca4d5a4a66386c57006526ad
d1b7a5cf55c24a0371a36f4b9
9a18bcd1408945c67026862f3
997090cc02d8f6be700000002
72afe73e479616c173957f39f
e3cf2bd2a73f80927000038f3
c6ed968eb2c01b11700006376
24fb19a2c39e5aad7000127d8
58cd323db8c9b72370b19a647
404285bc11d8ba34700000404
38c6317fd4f34205701c6318b
34be998ac3b3ec7e700000000
abc377218f4bfb857055e1bb9
5e1c9df087cfcb25702f0e4ef
3f9375f83d53bd43707f26ebf
53e9a0f292f00b2970029f4d0
d82bc3580c0f85d270000360a
2592798dd820869570000012c
dec2152a47f9e1da700000037
99cc0c188513f092700002673
7a6e28f0f1573e10700007a6e
29e6723302ef3ae1714f33919
ff591b7a0ce6af9b70000001f
d419590ee1f381ed70006a0ca
9ee9d7a797da3ef870000009e
889857b36e67bde07889857b3
9ccef8c0feed1306702733be3
6454add9fa6ebd2076454add9
072736c106c95251700000393
2fd4fb99c7b9e250700002fd4
563b10d1fec739b270000158e
1a3d8bbe4ae333fa700000006
c24cbb58719af3f5700000612
8d4e54f2271680b770000011a
d707cdfb1174cf1070000d707
e28dd061cf5bf3497007146e8
9586175e27a763b0700009586
a901e83facc7cf2b70015203d
383b105767deb06b700070762
1aa399b3cab7fd4071aa399b3
bc08525eeb2a3693700001781
dff636e9d62659b070000dff6
373496453e6b8eb37000006e6
d8d2f90e2e5e713a700000036
6bca7326b51662b570000035e
957d3cfc372a14e670255f4f3
e1ed1e8f4353e45570000070f
e6dcc5494e942075700000736
d07c64877f7e4189700683e32
d3e1ddd44e27e8a8700d3e1dd
b24c8c75d1118054700000b24
d4ef522218eac3a670353bd48
d0ae2a96429dfd74700000d0a
43fde066a94adda770087fbc0
93c0886fe598a49f700000001
0d170535bd96de0570068b829
33c068640c96b09f700000000
f008d3677259770c7000f008d
2d92735ec0d71719700000016
67994af0648834a970033cca5
3455a0660888b45d700000001
3bf2bad01cf3f73370000077e
697492e88b009bcd700034ba4
17f54001f5bd69c3702fea800
bdc39360d21f308272f70e4d8
38565f5ee2583c98700000038
2608f07792f9b32171304783b
7540f792c7f200ee70001d503
7957f536ff478d767000001e5
67805e3ec534c067700cf00bc
f81244e029f64214700000f81
f1c98b21fc01b7577000001e3
da03cfa5b79d3165706d01e7d
92d5ff2f70e622ab700125abf
21a97891698e95f17000010d4
afb587d86e26b9d67000002be
3e835bc1af9c0b967000000fa
8ceeb673fc9097d870000008c
260b6b8f78767da6700982dae
ae48d5b7cbae55a77015c91ab
37514aca1a1e6592700000dd4
f092126032bbebaf70001e124
c4926b38995ba9b070000c492
8f932afa16f6689770000011f
1c4bb2feaa096484701c4bb2f
355dfcdd34c49eb67000000d5
714f902b637a18bb70000000e
b64035bdda30c22b70016c806
78755be9cc6f79e6701e1d56f
e439c8cac2787bfd700000007
8e8c94753a68e6687008e8c94
422d5692bef4e9d4700000422
347d9c7624b27b0f7000068fb
10891b2edc643a81708448d97
d08f6d9cb47bccf5700000684
e32572f808fe020177192b97c
d6865c0841100dda700000035
e46761d8641e9d94700000e46
d670d7e4f13d9f88700d670d7
7ebf0f81666070767000001fa
6526e424d475806076526e424
986fa3dc2cd1b3c27261be8f7
eefac246c762154570777d612
327b896056f501d67000000c9
f40f727c6a52c03070000f40f
b7697e170c7b25c3716ed2fc2
2305387c1ef70ad3700000460
07614d17ec124790700000761
264702362c0d864171323811b
e233dfdd491c5b73700001c46
4ca68e85bad1741b700000009
cddde2aff7683c477019bbbc5
b4a104b9624af8157000005a5
31c75574daafa81b700000006
5665ee32877f385f700000000
3e8ecb3048caf030700003e8e
1d8c2fe13b92a1e170ec617f0
5599c45ba7a2b33970000002a
b2e45067197ac8567000002cb
8119ce642692f09b700000010
8aaf4ac8d2244f39700000045
77279e888f3da6ba70000001d
a2e6bd0b5f157b2d700051735
8fa6836b0f9ff0ad700047d34
261db3625a755535700000130
199020a31fc34ae07199020a3
5503a7a9605a9df0700005503
b4b2033e6df38397700000169
cc8e75237718b2d4700000cc8
860a08012941a625704305040
dc27ccc2bfdbea07701b84f99
a98aad7df8e07a8b700153155
d00ddbc4a2b5edc07d00ddbc4
a17dbeebdabd21987000000a1
e233dc62498882587000000e2
50ddbfdc7f9fc29c700000005
3f0caf3dba204ddf700000000
a2160cf38e611b387000000a2
a3aaec89679468867028eabb2
8d127e23cfe0e7737000011a2
3ef68b3e1ce0fd10700003ef6
bff72efe4cdb810272ffdcbbf
a77a9b6d0063d82970053bd4d
75dc564f94b503d970000003a
8e56dadd9992f3e6702395b6b
4b54330163ddd7f9700000025
63954186c8442e4d700031caa
f7728cdc58416cde700000003
242d17755a3fb3ef70000485a
7dfe0d312713ef3870000007d
9bd826c3afe045467026f609b
801a000d3c3b6da17400d0006
752c4c48fc0a717a70000001d
19871c8eeaf9a1b0700001987
cc4e5220e67188f3700001989
1063a3628027ea0c70001063a
5ce4949b1b6fec6d70002e724
65d795fc9100b3b570000032e
2b881af83ca3e8c7700571035
e3c62a4ef8e15b4b7001c78c5
d379d73aba3ec0cc7000d379d
05dc4ac496c94a857002ee256
09d42bed4951a8037013a857d
0f3ff293635f74a17079ff949
3bcc1b81958a2e0270ef306e0
2c93167f3367006a7000b24c5
78f8698707a907847078f8698
208320ccd724227c700000002
0aa4cfc3c7d1bad0700000aa4
ffe8c0c9731edb9f700000001
e3237bc57724822177191bde2
13a1f2fa378a0e79700000009
5805e5b0cd1dc44a700160179
33ae469d1af93267700675c8d
24ee380788e037f1700001277
8e56468e85f6352d7000472b2
6f6542a5600b8d087006f6542
508b7d15ef0f4cf9700000028
7e858df3720db48d70003f42c
7b2a20d6cefb3b557000003d9
0ac8f62f759e3ebe700000000
143d1a372fb36c5270000050f
6ab9c6b0ab2f78e4706ab9c6b
b4eba0539e72f0cd70005a75d
cf4b64d00d7f32bd700000006
669e6938a284d72f70000cd3c
042f3a52f8173ad5700000021
dd2a99519c122ecd70006e954
0777e0c5f7ab961770000000e
44f2ac3d5ac1cb0870044f2ac
96d59b744e0b4f38700000096
7bd8d27dd23aa79970000003d
43a506e027554b5670000010e
9cb4891518c01c7270000272d
2afedba4d44a8bcf7000055fd
c2d368bd07b841e470c2d368b
08b70c6d976734d9700000004
08d39730c77f9c5c700000000
52b83faaeeea7d777000000a5
cc347ffeaa1d395070000cc34
da2aa09bc6c68851700006d15
ead7d4b38dfbb3af70001d5af
68b4e5097bdb6ac370d169ca1
ea80345e40e065b2700003aa0
618c8e8c3a2bfb9e700000001
83b08c73619b2c2b700107611
329d7aeada29a2d67000000ca
a177c4f1cb9ceafe700000002
4347263b3c512417700000086
e0da83cd3cc35e3a700000038
525c74ff8ec75f007525c74ff
e9f523ecdc4536a07e9f523ec
8df13a0725a0d4e1746f89d03
61225d7da3be8f16700000184
a6e3cb6679d4f75a700000029
3b7d5fe0a6e6f2e5701dbeaff
7d5af1c1aa757e8f70000fab5
727daf594cbe0715700000393
3f79f3a89cafc55b700000007
07ae06b8244b8541703d7035c
225220a84fdfc39a700000008
cd0ea31466571563719a1d462
049bb4f456fd57f3700000093
559155156b31a23c700000005
34e8f78615a8a0097001a747b
17cbf6357d1517897000be5fb
81ef71e636e43a047081ef71e
e15416c0b4c093a371c2a82d8
6f65fa271d6f3b1e700000001
f3224644c953c01e700000003
432ad35b2b5ce21f700000000
ce236dc5adc695bd700000006
0512825eabadf30b70000a250
2cc9dda4a464f3f9700000016
bd63f330563124a175eb1f998
0b0c90d8c7d98c2370161921b
7b37fb0c2fec81fd700000003
7bf3c46be0b6bda271efcf11a
cde995c9c93ea48b70019bd32
a1ca6923010ed87b700000014
beb9174994b70cd57000005f5
11570d24758839fa700000004
2a1b72c8f5695b06700a86dcb
93f4d13d97fd0d1570000049f
83fabec7d0274dd07000083fa
ea1287b362067cce70003a84a
f1b50730e72bb693700001e36
d296963b4ef106a07d296963b
c8c613becd8e1f0e700032318
44b813e95e60e33270000112e
943aeecef6434b9270000250e
81d02965f00099d8700000081
ac02f4326609e375700000560
478250249c89e42a70011e094
6ffa6367282f3119700000037
3caf7c27e8eea131700001e57
c158021dc870d442730560087
062455dae5ad1d5d700000000
d2c213fa9ec8c119700000069
d5f0752b05deadd87000000d5
1b9189f7af7e57487001b9189
d7257f99d1b2cf7670000035c
2da57c34c01e1019700000016
a7b7ccea0df3b3a57053dbe67
0ff016775d5a29b9700000007
480f05c326a3695f700000000
930b50a8878dd42e700024c2d
f396f83d33482a0f70001e72d
a215bed1c1af8b9f700000001
2f0ca082281a934e70000bc32
0c4f15324a8d8870700000c4f
cec9464266a6bad670000033b
42c4c51abdd86e9470000042c
7464770ad10bd952700001d19
b563fb95f52a41fa70000002d
b1a52d887c3e48e6702c694b6
310f4de6e4dfe4c07310f4de6
82ad1c068ead8f27701055a38
f97aaeca1744877b70000001f
548e99ff366054a5702a474cf
96ba6a0c8250210174b5d3506
6c16469958e932217360b234c
06ada25a89d925677000d5b44
efff21529df357b070000efff
5cfd16867667ceca700173f45
fcaafac370d3f98273f2abeb0
7af3492bc5bcd065703d79a49
8973b72daf9309bd700000004
4c1b62a085e6ab77700000098
0efc8bad32c5ce7170000077e
c6b69e8e61c9a39e700000003
42a10476a7e8c451700002150
d2179c122c7dd7e470d2179c1
a2211095abf4939f700000001
e885da8e1cd02fc371d10bb51
574abad2624e4e3970000002b
56a65db7325a94267015a9976
ab555afab5f698bf700000001
83c415b802bbe61e700000002
f0466a658615caa8700f0466a
69203aa75947ab93700000d24
cf4b5b6e17a32e5670000033d
411c10a8955d380f700008238
4a223c16de11252b700094447
9690bfb52683fed57000004b4
8fd21f2d3e1a1cf47000008fd
3fdc2a602992d05d700000001
0f2adb8c77491b1670000003c
0fa88ca99b12f219700000007
5ba938dad54828b870000005b
5a7bd09b4ab2a6957000002d3
6e81c0b756fb54bc700000006
75fb2c14aba0130370ebf6582
55a5808e9c51c9ee700015696
323cb3d46a7b8bd070000323c
3b38305201e3929f700000000
7f912143a8ffc511700003fc8
f2c0e8d4f9cf1646703cb03a3
f1f44fb0d670344d700078fa2
e911fee5ba251e0a7003a447f
4becfb2624c7c64b700097d9f
521a833ee8e742f4700000521
3dacf3b46d04e3a87003dacf3
dcdcacf4be0bb542737372b3d
b81a5e158c84424b70017034b
f1fa286db0385832700003c7e
23f429bfab6160a0723f429bf
05e1f40bb80a62f570000002f
66572792e8044b0a7001995c9
13fb82ac5dcfcc2970009fdc1
79276e00d5567e2f70000f24e
98657a01d09eeba47098657a0
fd956d7790870fd77000001fb
72fa194094cfb659700000039
bde9548f8787d2fb700000017
bf20bbb644ca79ae70002fc82
add3253f3fe83001756e9929f
8cb674a14659d813700001196
a5f1170167f8815f700000001
d871e6842cfc812670361c79a
35671e9c0c1099ee70000d59c
08c6edb4933ae716700000023
b7d4b2719c02f754700000b7d
2675eebfc94ee4e77004cebdd
c0d03ebc4da3ebfc70000000c
6c3c68b38ff88530700006c3c
f0ab24659bcd348470f0ab246
a883c00607ea3c0470a883c00
5264a4d8387695b0700005264
25d197656dbc45c27097465d9
0b0b6c43d654444f700001616
14e9eb4a5b6d0e8f7000029d3
7035b8a5872bf058700000070
b793ef80163110af700016f27
fe32bea01dc0251c70000000f
bd1c3fc910c6e8dc70000000b
874c1c77fb200f19700000043
947c9d2ab4311d4f7000128f9
958173f0f6ac162a70025605c
0eefdf558baf15fa700000003
964b9060955d3a5f700000001
1140849c90b16c50700001140
2922f82d424bc599700000014
e390cb80d75d29407e390cb80
4dcc1211c0ad107f700000000
aaa77c826fad97567000002aa
525c29950c8ddddf700000000
33f2ef44a83f45dc700000003
6e2fc08d3588709c700000006
9333bbc2b7d8fa697004999dd
ec0dd28203b5b8b5700000760
931483bfc60969f8700000093
256e5c462f3fcdc77004adcb8
004e757bef24fdc07004e757b
84cd606260fa8d907000084cd
17d2a8f16aeab7ef700002fa5
541743101554b8377000000a8
15016357c374d1a5700a80b1a
0dfc66d69d72a0347000000df
c709d875f3d510a77018e13b0
8b70d2cb91ac639570000045b
69a20ca09bb7b4cb7000d3441
a4415bd9e5943d4d70005220a
d9655efa98eda5c8700d9655e
0539355c88720be8700053935
ecb476d2176c74cd7000765a3
bdc14ddbeb89abab70017b829
9e7a7b28cc3da2fb700000013
9b6fa35a71e5d2757000004db
d6690b0d0714056f70001acd2
9a8f5300e03d87b970000004d
d9e3f852bb188d14700000d9e
5959157f57d34a4370b2b22af
2f0a14761efbb55b700000005
9db94dc17387553b700000013
bc48751caf112bc3717890ea3
f511499f8d19a1ae70003d445
da479b173ff4d4787000000da
9b4bccf3490627b7700000136
d192a2413bec8696700000346
b8347739e5f1f0a6702e0d1dc
99728c3d029f8a237132e5187
b5033afe8179fa497005a819d
239f9153a6b0367b700000004
55c76a05d0793b0f70000ab8e
947b7f302538958f7000128f6
3907afc603bdb1aa7000e41eb
47d9704212eb4dc870047d970
0c2f40b3bbc33dd0700000c2f
01851042423de0e4700185104
fd8527f212cbf50a7003f6149
0e3a2e7244fc238070e3a2e72
1ebc46e1ad2f3b557000000f5
a9b5f5f29444d04b7001536be
8fcc5c76bdabf8a970047e62e
20899169c4dceba7700411322
8b60ae9b963026fd700000004
a31e690fdd373842728c79a43
163b2dcc14118e7a700000005
c1bc38578e14ca01760de1c2b
2f69928b760097677005ed325
1b47bcc69c688f8f70000368f
d20944c8034bb20e700034825
714e917e819ae3a271c53a45f
1fd91705ea76f90170fec8b82
af3a8994a393ac9b700000015
363a0deccf3ec0a171b1d06f6
8853682622888338700000088
1a01a10c1e4e699870000001a
b12b32cc091be247701625665
a2f8a09495a9dbd670000028b
54692c70a461d6247054692c7
1544555845a5b16170aa22aac
ac197136fd4bf0d67000002b0
4c675217b68e1f9370000098c
dbd8e71e8236cd297006dec73
f2160db8c475a87d700000007
127c7cd7031bb1e17093e3e6b
10785e071af2d46f7000020f0
0a03a209562317ca7000280e8
031c8cffc39944dd700000000
030a72061101422b70000614e
f7ea27005c54624177bf51380
4b5c325d89e5215a700000012
c0b235e98dce9931700006059
a20ac41375d251d87000000a2
b52f42207bd6963e700000002
52ee15ac0eadc0e870052ee15
524576a9ebe6a13c700000005
345f0492da79b76d70001a2f8
07fdab3c73f41c02701ff6acf
8c6e5552c1d599c078c6e5552
25b2e4d9f2520c4d700012d97
a0a3b362d481a635700000505
351082bf153e83567000000d4
32cab459934597f1700001965
48941d7964ea9bf2700001225
1bd376470d58d9af7000037a6
7086ff9b97b29b99700000038
cf24cca9116d5be2733c9332a
17729d1b702a3bc2705dca746
ab710c15099d9f7c70000000a
0976566650936fb9700000004
3e58e9acfa42cd1970000001f
48508dbbfb5e9159700000024
5a7a82cdf9dec68670169ea0b
c56241bd74d98526703158906
0681d0c1b71085b9700000003
702f33f58e75f5177000000e0
624be2c515c43458700000062
46a08a4ed9e55f9a700000011
2805f43bcc3ced6d70001402f
395962367e7faa68700395962
91131c47430000b7700000122
da15142fe462147a700000036
e7c1da37f31f4dd27000039f0
5f934a169d0f2e4a70017e4d2
0e00958e721bbf31700000700
4a30a86fe855c1487004a30a8
b712e7e396ebf3c470b712e7e
5c4e457d9fff02577000000b8
6904423e14a0cba173482211f
330846c8c697512270cc211b2
ddf9a5eceb1b66df700000001
a78dde34ae8b612a70029e377
72c61faeb10bf98870072c61f
7af05759e9a1194d70003d782
0ec40ed99c6897f5700000076
751702ee4450654a7001d45c0
e1b16224e639b23270000386c
99ae9bc7dc8c9e73700001335
ace356f52d12c4aa7002b38d5
5711d700928edbc172b88eb80
737e3b9bd6c4fb607737e3b9b
ac6d397bf5fa400b700158da7
7c2a92c4dda37be97003e1549
44d3f56d24df5c1b700000008
26ec940fa4b0f4d27000009bb
515a5e838ed71d87700a2b4bd
5f50e72f2e5908f870000005f
9c4cebad7d26a876700000271
29cccc12920f6e2270a733304
d60e7952fddf6765706b073ca
3663f03003d20b5a70000000d
9c70ec62e008787d700000004
a832947f2ec204d4700000a83
bb713b45b67e6b26702edc4ed
ce77a1fd6ff7333b700000019
b12b7859b01f28c272c4ade16
226c9e9d09d1f76470226c9e9
5f4a72558ab460db70000000b
159702cbce7563bd700000000
f460f957a80a4aa470f460f95
4d0a924e4ec2a95f700000000
94917ba4344d9d8d70004a48b
dd8fe7a29f8c62ea7003763f9
a6d14c29069f1ed5700000536
ed7b5aa6661f39dc70000000e
7648cdade5dc6946701d92336
d7d8e17bdc5c3565706bec70b
9a58b7dbd77255557000004d2
55c5614f5f8ea926701571585
6616b8bd1559ddfd700000003
b3a4c5537fb4224a7002ce931
1c9e0d5234b9ba4170e4f06a9
a7a714eada08b323714f4e29d
8431f90cd4462fd1700004218
6a88d75628be0721735446bab
1752a9d77ce62e11700000ba9
a647f59c11a36b9070000a647
0bd3ecbdf382df087000bd3ec
2c7b23b19b9d17bb700000005
fd5f655f1259a40c7000fd5f6
0b5785e3e567db288000b5785
edf0d4f4d714c6e38fdbe1a9e
7eee5756aae5dfe4807eee575
5778583a34e5fd7e800000001
26237f2ad30c1cf780000004c
e5b6792695bf953f8ffffffff
30bdd3d971cd916e80000c2f7
ab8da3a63f6159ac8fffab8da
7b4ea9a55b0094c4807b4ea9a
267df6b98cb9a3ce8000099f7
22f4539343959dc2808bd14e4
2e7d61d35048e3b38000005cf
10ce7b364747b7ec800010ce7
fd33bbdbd57cd7eb8ffffa677
3da84b44946cc6b58000001ed
f31b4a7577f6249e8ffffffff
42acfe08a03113e1821567f04
83e416b2ea1d16278ff07c82d
2cb50f5fa2d02257800000059
a517136a40a99d128ffffe945
4b4cf394785deac1825a679ca
06a706f57df06758800000006
251a3691d83e9ae08251a3691
6f66536811aa17bb80000000d
12b0d1211d7fea7480000012b
16ed0c15ab0367d780000002d
5d384125433afbeb8000ba708
9c82809dead32b0089c82809d
3cd59ea3f7d24a2c80003cd59
a080dd2df93682498ffd0406e
abfa58a8989d7ab48fffffabf
bb381bc3b999dc848fbb381bc
fca137194cf9c6878fff9426e
f614011c826543558ffffffb0
551c8b5744e4b727800aa3916
8cec16c4920357cb8fff19d82
eede170c2aa293988ffffffee
cc491f06bf664a818e6248f83
c27cb5f15e38577d8fffffffe
defab240c037ab0c8fffdefab
7fddac0a8f3aa0ae80001ff76
5ce0257f7fd47f36800000173
707f98619379efa9800383fcc
bcdd521d9970eecf8ffff79ba
6dee4549d205099b80000000d
1881020813aa139c800000001
dfc01c665945b89e8ffffffff
209130ceb33dd84e800008244
f1205dd8619894c88fff1205d
cbeae890310330ef8ffff97d5
78f5d622e90d56f980000003c
fb690f48e2e602038ff6d21e9
2798b04506ee42b4800000279
4d4cb4fcb6e1cd0b80009a996
17a7662aa723e2f08000017a7
2ada94efc3239150800002ada
6f529d8725b339d48000006f5
10fd64e3bdd0ca1480000010f
b5b31a4ca48fdc918ffffdad9
71c777ef20be89c6801c71ddf
67cb7941ec1ce4d18000033e5
6b07d8a19958fa3f800000000
4df85491c5c562ae8000137e1
d440c8fe8a348aab8fffa8819
2bb7c9af509ed8b2800000aed
b62d570608cbb7d58fffffdb1
1fc1a21f8c836edf800000000
bab1490eddd47a948fffffbab
5c0a768dfcbe1fd58000002e0
28300fede703092e80000a0c0
c99787cc94fd9c518ffffe4cb
13ec5f16b5ece9f8800000013
c88af9fda90211138fffff911
5989e0bba3711818800000059
350bc046ea7edc3980000001a
13decc9361c1046980009ef66
e0885ec2332182758ffffff04
11915b592bc57436800000046
d891770cf2a37fca8fff6245d
3a314b9618cdbadf800000000
9977dd6c64abcc238f32efbad
88864fb25622e1268fe22193e
ac6ee12d5c7032858fd637709
66a41208b52cdacf80000cd48
74134393d4647c25803a09a1c
666f18b888c334a980033378c
9b5f9bd197d7070d8fffcdafc
b262150f5632c9bd8fffffffd
51be9f95deb7a1fc800000005
e0659fc9244b175f8ffffffff
fae3fee068e06ac38ff5c7fdc
9191f76e460c851e8fffffffe
aa8464358e00cca28eaa1190d
da411a588aa999e88ffda411a
bc65900cccad2e718ffffde32
c9c11cf9d241422a8fff27047
076b28c0968dfdd18000003b5
7d1c81d45fe39c10800007d1c
e46d81c162a1e9398fffffff2
9e41cc9cf1de1a6f8ffff3c83
bb9481b1794631fa8ffffffee
1e75d66917e16ce78003cebac
191945e31e406f28800191945
214bb8ccd98df11080000214b
3ebd051646b38eb1800001f5e
a9172416433babb48fffffa91
b365478a575ea65d8fffffffd
20939fe8010ecf57800000041
edaf8f4803d6f1db8fffffffd
bf9367f16b636cd98ffffffdf
e3a1ad5820454bd18fffff1d0
8b36295e7efb486e8fffe2cd8
918d5143129cbe158fffffc8c
296617cedba2e661814b30be7
65323f3a59549b71800003299
a8869a3a2483de428ea21a68e
fada6e69e90000938ffffff5b
c01b84511f17bd2b8fff80370
2edb97872a33472c80002edb9
cfe5f65ccc45da658fe7f2fb2
eb4b776aece349f68ffffffad
2ddd2029bd93f64a8000b7748
ee2affd43cb802058ff7157fe
e3e761534650cb2d8ffff1f3b
c730de0c5efbc0158fffffe39
04f34266e5e36fa780009e684
deda27bd0331ec3b8fffffffb
e8ccdc1140e16a178ffffffd1
1b16163487bb35148000001b1
e8b84f20cbee37608e8b84f20
d3889625db712f8a8fff4e225
31d379d4e9cdc63380000063a
3707303a7daf2cd2800000dc1
67d749b27b240300867d749b2
a3adb30b51a5b1ae8fffe8eb6
b444199d4d8c88a78ff688833
7ee9cefd5b1504758000003f7
6e418888b09bfb15800000372
4da3d4c2b9148192800001368
14a787badc89102f80000294f
6dea9c2826253b0f80000dbd5
2a1691743924bf6d8000150b4
1e1bfbd541b9681b800000003
586d2f35d0f610f78000000b0
82d36270ee5450998ffffffc1
f6d01d2898d433d88fffffff6
8287c378cf67760a8ffe0a1f0
bcce0f80c0f1f5628ef3383e0
12ca59ea2e675faf800002594
ac604536c730124a8ffeb1811
6f6fe71f78737dc6801bdbf9c
3e4189cc1e5c3504803e4189c
c71de739f1906d728fffff1c7
579badb0b7107cb28000015e6
316f799859f97f3a80000000c
c51c57b59a2de1778ffffff8a
e8680898fc84edd68ffffffa1
12f602d3dfa2058880012f602
bda990d955544cb68fffffef6
8f86bfa10a3ec7348fffff8f8
d5775b019b1662428f55dd6c0
43ffee6a87e0fcf9800000021
bc3debd14732552f8ffff787b
ea1aba9ad94750388ffffffea
3771c92444664c5780000006e
c48d663483d54fc48fc48d663
63723b6019e4f61f800000000
cf20357df7fcc4b78ffffff9e
484626b588654e51800002423
cb6a2119015969908ffffcb6a
36f4cd2509418b58800000036
a1ce2f08d38961188ffffffa1
93ecc43249ff103f8ffffffff
329b5d22b9bc625b800000006
015aab0a94fb49f380000002b
785bee42f69718408785bee42
ec2444542ad8ff418f612222a
a7dd33e339587a0f8ffff4fba
eac45e1be2b7f6f38fffffd58
baeade793e5d12418dd756f3c
5f5fbe6aa9527ee085f5fbe6a
e4906947fd5aff038fc920d28
ac1e849fa44cce488ffac1e84
80be2640c5792060880be2640
a1f41a7a32aec6458fd0fa0d3
2f94b3cdd54b235780000005f
8ba9e18043a5fea58fc5d4f0c
7487393cca068a1d800000003
e797caffc3eda55f8ffffffff
51209c8dd12a3954800000512
63a557822096263f800000000
3f97fcad138b3a8c80003f97f
e66a819cc1e40be18f33540ce
6ac01d7da1416f04806ac01d7
ee5c729f6ad3d48f8ffffdcb8
0fb95ff16dde54ec80000fb95
d730f612d0e46e708ffffd730
a9dc9085e954b9978ffffff53
fb656227747a719c8ffffffff
52178be6b49cbda380a42f17c
54e466cb4a3e83bd800000002
9002145f623d69ea8ffe40085
4a6c41619972c07c800000004
a3f5327eec92bed18ffffd1fa
ce4369ddc64cfa288ffce4369
976a91702f73ecd18ffffcbb5
2b1ac4a990cf6f748000002b1
b4db54f875030c968fffffed3
e81722560cdf612b8fffd02e4
d49a91c21b15ebea8fff526a4
ae8a414e71b68aba8ffffffeb
711147a85de8dbf1800003888
1518a75c223cd7cd80000a8c5
a7151ac56d70a4fc8fffffffa
52de24ce37747cbe800000001
0df1fed3913d4bce8000037c7
0fa30f4ad1ee58e080fa30f4a
76bf723c6234c2308000076bf
216a06e61128954c8000216a0
812cd8a588d6944d8fffc0966
7a01e3b6ad0f583b80000000f
f4a648de027984788fffffff4
347c15602363136f8000068f8
b96615f985ad139a8ffffffee
7690847ba46bedfc800000007
0eda00c3092f122080eda00c3
103dfa9532cf797180000081e
40dadc1d5dbef49b800000008
20b3cc786d3a6ef480000020b
ab833574f86d65a08ab833574
61edbb3285c27bf480000061e
9d0d44c82affdee28e7435132
1ed1339797bc2e3e800000000
3cf1544db4e424348000003cf
a2f61eaadc079bb88ffffffa2
0476a95747a0b46680011daa5
620a649589ffb3c183105324a
4e3eab4c6a0f07ba800000013
e37b0ce9c4892fdb8fffffffc
54d1f54674dd5b51800002a68
e4897f98eab3da538fffffc91
fe806848f1d986538ffffffd0
3f95f7d2acdb582f800007f2b
2705ef542441d53e800000000
330075aebd44ae8a8000cc01d
848f156b76f065fe8fffffffe
22185241ec378135800000110
2a56dc99ebf8bcbc800000002
6357cdc6ee4f3b6c80006357c
130c73360f0af451800000986
1deeb733b7f710d58000000ef
10f6817ccaf849d5800000087
685655701d4ae95d800000003
9d7a4e62d4ccc70b8fff3af49
5ab02ca9aa3963068016ac0b2
903971ee9a7a904a8ffe40e5c
8679c5f012a0ad7e8fffffffe
bf6c56b60ab10cbb8fffffff7
16434d6a68b1df4e80000590d
3f9be0df2942f8768000000fe
bfbad8708d87f31e8fffffffe
2a437e4d7e62af098001521bf
c96cec2158f3d6398ffffffe4
d6df9375e0d1a0bf8ffffffff
b3a9001c3802f5ee8fffecea4
7a020188bb75a6978000000f4
867ae476e66593938fffff0cf
6efab02ee13a25e086efab02e
1cf2c6a676504cb0800001cf2
6eda09ab48aacf0e80001bb68
44ceddb38fe820bf800000000
9a80e6b80d002b188ffffff9a
642033c33c2fd732800001908
2fd358fc51b14d5780000005f
0ae23576223a3077800000015
8981c9beb5cb1f3f8ffffffff
3f255855db0086f68000000fc
00e2f5c8751a684a8000038bd
909c74176773d05d8fffffffc
ed2cb76cfab446618f6965bb6
aac6a28e9206c5558fffffd56
0bc55330516a636380178aa66
d1e8e12c6d2d30b78ffffffa3
1487a451211bab27800290f48
61a3cfd263c5044f80000c347
e095978a53e8f04a8fff82565
406862f0865d2b9380000080d
7a12c1927f9a2b70800007a12
86b826a2979873f88ffffff86
ae9832f8ae896be18d74c197c
726d9c35948c6cd080000726d
db2b8e09afe04ed48fffffdb2
011d8aae3380736380023b155
a226d890b8087f9f8ffffffff
6a03d9b9f65a4f32800001a80
ac44ed34290769258fd622769
29089cbdbaf76d0d800014844
b69b38c0e196b42d8fffdb4d9
b95b2c481b89872c8fffb95b2
1dd5f43d5181b5dc800000001
c67644ba6f28234b8fff8cec8
d2f068b5530bff858fe978345
becb384c55f0a5c38f7d96709
12987e86dea48683802530fd0
3d9a2becd422ff098001ecd15
4985c4263c29acf6800000126
cce79aef0604a5c48fcce79ae
d925f4c0044352178ffffffb2
06ac046c346d4329800035602
8d00b06689ee7c328ffffe340
fb2fa92c52e9034c8ffffb2fa
69246d4635bc0ac380d248da8
c3659123627245728fffff0d9
e667990ef620734c8fffe6679
bb693006bc0295e48fbb69300
bb26964f6f0a0ea08bb26964f
006c2a68b779f2f1800000036
61e951a7be52e7a28187a5469
310ab17eac972a6d800018855
0041846eddc72a6c800000418
b966251c099ecdba8ffffffee
95d0199bdc3e4b4b8fff2ba03
cf6efe94c0bf30ed8fffe7b77
33be0719b0f1cd5b800000006
4ea87b23dd4dab348000004ea
ac53bbc51e9d8e2a8ffeb14ee
904be307126480008904be307
d8ce38ab854dbbf28fffff633
69d87aea1a53d0de800000001
bc01fed1d0b5a6368fffffef0
0bec73d129efd13f800000000
5ed992de63ad17348000005ed
7e4b417fe8fa147e800000001
3b358da725f46b298001d9ac6
ee44d21793ab79058ff722690
b400f44ede3504748fffffb40
fea16f036dfc18c18ff50b781
e7e3c8427dd340178ffffffcf
385dd623bd1632ae80000e177
daf3c30def0268118ffffed79
b88a140c952427ed8fffdc450
15196cf94d0c2ef58000000a8
199d0c1de599887d800000000
1876491e1aab0dbb800000003
ac35025c01beaca18d61a812e
1fec134048eeb85980000000f
51349c5ae07df118800000051
30ba190f1a772a17800000061
146f7c733b5d3597800000028
4418076d45caa31b800000008
2897a7224a9e951b800000005
ecae8bd2460f74438fd95d17a
efb43ca4e8f8f2af8ffffdf68
20d0bbbabcc4637d800000001
32ffa1724bbcb312800000cbf
ee37e12109bcd9c18f71bf090
560869dfe84d5692800001582
45599b43c908ee2e800011566
d0ad7357c4b5a1908ffffd0ad
66769bdf8a3bf9c880066769b
c8a8e7c50151a3ed8fffe4547
d105f0dd62ddd9228f4417c37
11af9e4984c4aa8d800008d7c
8f1030c30fff72ef8ffff1e20
564168ffa48e633c800000005
b74b7f69027daedb8fffffff6
80f2b2e6a83eed168fffffe03
70568fa8f3e57115800000382
d9cb1eef0c62d3968ffffff67
dc3d7e22f4200af68ffffff70
d3bcde2942f76cd68ffffff4e
e66e2f38c5cd10598fffffff3
34f8d23711a0126181a7c691b
555b644d5ea84f4a8001556d9
e987c3788eb7854e8ffffa61f
8b841aaaa547460a8ffe2e106
0ebc75e97a65d1148000000eb
f8e2f0c9e5974bed8ffffc717
682bcf92f3ad2dfb80000000d
6fa5ed138386940e80001be97
b0517faac4c2c0108ffffb051
fddd566700b953208fddd5667
8f4df7c0181f60ac8fff8f4df
7b937408b6cb04548000007b9
3ab764817150336083ab76481
1a898798738144e081a898798
14d987dcae87059b800000002
0bd824c84019f9f18000005ec
113a23e0f74e14d3800000227
7252807a647da6178000000e4
9c816e276aa609548fffff9c8
84f8660d881636a48f84f8660
9e19b18a3d0624268fe7866c6
22fbf6ecba06ce2580117dfb7
e9855870742ad4128fffffa61
d86a8ea8d4819fb48fffffd86
e2087ae052605db98fffffff1
9a49dfb610ef4c828e69277ed
6c92aae6104bf2b68000001b2
af578d3d97616e4f8ffff5eaf
da2d16aead3453b38fffffb45
0fb35c550ae224d18000007d9
0e0ba468d52085138000001c1
1b8209ada508aba68006e0826
1669a63148a6d9c78002cd34c
b1411114dd8fd2098ffd8a088
000770e64eec74a6800001dc3
ca4cf4d35178076a8fff2933d
9bf571a9fe1b67638f37eae35
96f32e65a6f782e68fe5bccb9
67b3e6d495888482819ecf9b5
3f6241d5f829ebf780000007e
0cc8dde929e26cca800033237
caa197126ac387058fe550cb8
02b1f538898883a48002b1f53
7e3ebef8882469a281f8fafbe
161e1ff648cddbfa800000005
2148ed0c38f13e96800000085
d35dc79318c2bfd88ffffffd3
728e489c4b5f9c99800000039
51895479556b5699800000028
bf72e79bbbf758ab8fff7ee5c
1967998b44ea165c800000001
483f93ae4cf1764b8000907f2
87f947d19d701b588ffffff87
5bfd79573139a30f80000b7fa
78fb4c42844f2800878fb4c42
9c99dad3a366dee38f3933b5a
277b6fdae349baf680000009d
b152ddc1782803688ffb152dd
45c2008f4f9d24e1822e10047
78477f9d4896b08c800078477
cd07baeea3e86cab8fff9a0f7
4d627e1bd786490b80009ac4f
f7989c6e2f5626268ffde6271
6d08061a8dfce9d0800006d08
a6855f3f648432b38fffff4d0
e16ab2db70155c498fff0b559
e3159a50afd215fd8ffffffff
0839ca1dc66ce2b6800000020
32daeb9bd5cb40ed8000196d7
fac13755165d25a88fffac137
4eac1ccadc4834138000009d5
646965215916701b80000000c
af9c253fa6f335378ffffff5f
9f82a3d2d587de7c8fffffff9
b56980396f26a3e58fdab4c01
bf29717cfd594fb38fffff7e5
938a091cc89bb3ad8fffc9c50
4c0b72eb41271efe800000001
bdaefbb73a7c3aac8fffbdaef
82115868ccd32960882115868
4bea629b4be123b880000004b
5eb955ed6469e9dd800000002
64ff9ae1826c9c33800000c9f
658f0630c45dab0f80000cb1e
bba8eb776c2b61478ff7751d6
c477bcf3cfeabf078ff88ef79
236e877570f0c157800000046
f97cf65bb2c7de0a8fffe5f3d
0e0cb85668d13182803832e15
bb09a7428dc440328ffffeec2
f080c20d3e8a1aae8ffffc203
7f1f656e79cbb0c380fe3ecad
8203ca37be13839f8ffffffff
67da090d386c363a800000019
671f34f43ba567d78000000ce
e5483ea90eb397a08e5483ea9
fea3eaee471a04948ffffffea
66edc3254b0528cc800066edc
fa9d261776af1cd78fffffff5
2ac3f8c17d81fa32800000ab0
c8cf810d191e7e0f8ffff919f
107604d2646cce5280000041d
e830a30461a599fb8fffffffd
48f658dc131b4098800000048
0d24f7d220840024800d24f7d
9c8c58a2ca45332089c8c58a2
d392ca0104fe5d9e8ffffffff
98b9a4ce2968abd28ffffe62e
6d167a7883943f30800006d16
fabd636914bd69fe8ffffffff
78e04a32f20e0ad3800000f1c
4a1f264df2cd631880000004a
431f28c5e51d336f80000863e
7193c31d40f2cf9b80000000e
c9668376d1547d2d8fffe4b34
564286c2ea928953800000ac8
911170d58a6d92da8ffffffe4
7ae77f8e65b675fe800000001
ae5ec3fc4fd060ed8fffd72f6
ee59673ca80b66048fee59673
71a10a22bb321d8e80001c684
f186dde49bc846808f186dde4
3280faed8fc4a55f800000000
29d7492d04eeedeb800053ae9
8883187c5fe4fc488ff888318
08f78199c213e39d800000000
7f2e039010c8e70f80000fe5c
8f1d02891fee381c8fffffff8
2c6886f244dcb76280b1a21bc
36dc72065ba2ee338000006db
5654fa511f213282815953e94
d1ecd88d765f09138fffffa3d
ddfd8807a226e8558fffffeef
083c354d4a25e0018041e1aa6
721e2974b760584580390f14b
fd1fbcee53c7b7c68fff47ef3
a9cd2b46324500938fffff539
897bb9abba422a448f897bb9a
8928a8e31fb049b98ffffffc4
212ffcf97584e9da800000008
50b0e691181c5849800285873
6be945d6477764858035f4a2e
15aad3cddc2be53280000056a
842618da5d3ef98a8ffe10986
055898109be75b61802ac4c08
9b1836e45b0feb9f8ffffffff
d09dfee361583d3c8fffffffd
616cd513f8d2f63a800000018
ba8128fa8e075bfa8ffffffee
e399b4854c1348268ff8e66d2
5f05118f4258cfb980000002f
1e59ca48205ba2a3803cb3949
467b5a1683e8b77780000008c
9d1c10233533f7eb8fff3a382
d7101307f0022ead8fffeb880
32f8b3c2d69a6ee38065f1678
f881ad6b130883f58ffffffc4
04b6ffd17e8bfac48004b6ffd
e038f8c4a29d880e8ffff80e3
94a187f7abbdbff98ffffffca
fed163e0af2018cc8ffffed16
c23a45332c7fafb28fffff08e
e33dbb17b5e445a78ffc67b76
ec0dc86de0f76b898fff606e4
ce16ef10f5cfc0288ffce16ef
38210ec300a1bdca8000e0843
75ffeb1a85edd54f80000ebff
82f4564fb61f88d18ffffc17a
25a1836ff8ef29048025a1836
ee2e2cac25b5ce8d8ffff7171
4c9c480891a424f9800000026
23facaf256f2b6928000008fe
42f2a35bb3a649d480000042f
1d60157ec5a1860c80001d601
2afa41ba9eb30e4a8000abe90
f790a700dd528d178ffffffef
4b749a71e44abda2812dd269c
19652e2acfedf2be800000000
247164fb31e9bf0b800048e2c
b9bd01d9a8a2d2298ffdcde80
1b5ed561e4ce779d800000000
db24c4ff337f3a298ffed9262
6c22b35b225ef77880000006c
400ed7ab9de09867800801daf
1639c7eb22aefeb4800000163
a53c63b04974f56f8ffff4a78
a1d130aa728727dc8fffffffa
448c7cd625262a63808918f9a
2c7bfbc4179a3dea8000b1efe
10004becb74a9d418080025f6
2eea5ca579c84d7b800000005
788e80a8dd99680183c474054
04adb696a23329fe800000000
141ebf066da957498000a0f5f
bcdfdab34612547e8fffffffe
6bc9845f5825ab2980035e4c2
f863a3dbe3a5b7058ffc31d1e
4252284756f09d95800000212
a20be8fe611c0e758fffffd10
2925236eede17fd0800002925
9641f84d0377b2be8fffffffe
3bed7501e7ccf19b800000007
4409fbf617b66f8c80004409f
ffee903d3e2b5a5c8ffffffff
024811e95a03f6e480024811e
b91b545278b6ee6e8fffee46d
50436d8ec3a6c493800000a08
be0270f6deaa1ed48fffffbe0
9a0bfb6701b02bd98ffffffcd
27ca6f2534d94b79800000013
3ef76a0dfc9181b68000000fb
f11cd32f6670d1c08f11cd32f
f916ff65a02de6b78fffffff2
231f2dc8ea4fe3ca80008c7cb
a23a85b3b6f9ad1e8fffffffe
6b1865e9e910b8cb8000d630c
4640c5993e0b439b800000008
d00f0bdb507ec49c8fffffffd
22afa42eee692bc880022afa4
b03c20d8a99968158fffffd81
10e7883bdcf4983480000010e
2859fc42d100bf1f800000000
0635f6a61552d42a800018d7d
1e1f17efd1623246800787c5f
fe047f47bf8150748ffffffe0
c13d31bc344334e78ff827a63
f038b22487f201c78ffe07164
db5503f0293bf9e78ffb6aa07
0dc5648695de3a43801b8ac90
d901c01fec76865b8fffffffb
54c20801bc2757d6800000153
27c0cbbc4d45f3478004f8197
c7f5e8ac1971d3f38fffff8fe
173a2446cb9b7c3980000000b
5abe35bfe48d92f48000005ab
b8d2a6f47b41be228ee34a9bd
a31363b25c5b877d8fffffffd
c7185e7b7f7474478ff8e30bc
d3eebb64dab2c9e58fe9f75db
a95991d831dc437f8ffffffff
00e12a4c1af0fcff800000000
85809ae41ef87c298ffc2c04d
5bf6307e5a15896d80002dfb1
9898cee8e9fe32378ffffff31
a09a582c14d0e6688ffa09a58
65c9744123cec3a980032e4ba
da82405720b6de6b8fffb5048
2ac5307ace21555880000002a
2f08d5c65ffe94458017846ae
a0254113eb9ba9e08a0254113
f34cc6aa39371ab68ffffffcd
2a3ab1c50cc625e580151d58e
a8f5e6562746fda18d47af32b
c3bfd23639a493f38fffff877
578e2fdfeca119c7800af1c5f
de3210e5f95d14408de3210e5
9f63a6fe0ce5cb448f9f63a6f
87e0a6a60fe55c688ff87e0a6
252ca4777cc205e480252ca47
7ee4dc624a2a79e5803f726e3
769fdf2a6be7d006801da7f7c
f8c10c550c4ac7668ffe30431
8f373e1e00b9f4368fffffe3c
b60affd348f4f53e8fffffffe
cc1ace933a6bca258fe60d674
e689c3d8aaf3e7fe8ffffffff
324108584a52d3f5800000192
359f32d07ad12d3980000001a
cc440f5000e403ed8fffe6220
442b72cbedb80d79800000022
2f4c3046e86d8b1a80000000b
0ca5e12981ae5697800000019
816287d1275b323c8fffffff8
84cd45464b278e978ffffff09
32991ddcd8d6abe6800ca6477
f1415d415d1534088fff1415d
21670cd8e4385e3d800000001
4d4b42de160f380c80004d4b4
2c3975295553764e80000b0e5
5b9cd6ad99e611c2816e735ab
e6d930999c987d828f9b64c26
e8eeec369cb6e1de8ffffffff
1fc879c978489b3d800000000
4d7e35777c90a4e3809afc6ae
06a866dd96ff34678000d50cd
a267c606e81fe82b8fff44cf8
9b6413ee9d3a82f18ffffcdb2
bbfffa17c7579e658fddfffd0
771ff981e45b454e80001dc7f
280fd134f7c4021e800000000
49076d66ffb653a281241db59
f1d5ea99c124fb038fe3abd53
5483c65946840650800005483
bfd3e0d365a24d788ffffffbf
b3156fd52db43d0d8fffd98ab
d0e20699952986778ffffffa1
884a6bfd4d02e1eb8fff1094d
5dc80a1204723dc7800bb9014
d2f907bf3578c3498ffe97c83
4f059d99eedc105e800000001
e5bc4ac794945ad78ffffffcb
9bca751b1cd9e7348fffff9bc
4a70d7078f46d137800000094
21b6913f5b1e53e680086da44
7a484d54cc40dd4f80000f490
4e8c8ae6cd00f910800004e8c
381fddf0b42746df800000000
11e742e5dc9d53ad800008f3a
17ea09c7b4dc7e4c800017ea0
ebdf34e197fefcdf8ffffffff
f983e2300c1aed0d8ffffcc1f
b6c9a8c7a6c233418db64d463
5043fc2fec4cce79800000028
099f52bf5b2c53da800000002
d3e44d2bbd7578428f4f9134a
6c3ec5439606e5d68000001b0
df9ffb009e09f37c8fffffffd
78df07ecef46712f80000f1be
84d90dda761275248f84d90dd
29b4b999bf0e920280a6d2e66
b3e83d59ecfa94c08b3e83d59
6fa7da909ec9349e800000001
014790719ca8cd8b8000028f2
70d8624302a00c47800e1b0c4
fd3edb475b3c75ba8ffffffff
363dbc9abe2a175f800000000
8437a1654321fe118ffffc21b
978380cbe9c938518ffffcbc1
b3dcf8d7e47de48e8fffecf73
2204158abd4b3e18800000022
f5fd25d8303f7c8e8ffffd7f4
41d5c2e6ec825da38083ab85c
d63149ad66b7fed38fffffac6
8584ef09c5b6fd6e8fffe1613
acc871fe332d5f0f8ffff5990
205f7302ab61e44280817dcc0
65f7519a7808bbf8800000065
4aabbca8800a9dec80004aabb
2d25a68f1406ef86800b4969a
0c84dadd2ea0e999800000006
5607344580a523d980000002b
bbd2f629058718aa8ffeef4bd
04ada7bbfc53bfad80000256d
9c7437604c2942678ff38e86e
b3bf484708630ff68fffffece
177a4ffd86075963802ef49ff
d202b7e1c7bbb60f8ffffa405
adbdf46300c608c28eb6f7d18
aeace007d90d6f2f8ffff5d59
e553ed8290e3099b8fffffffc
9c104ad626bdb51d8fffffffc
2a7dd6bb0fdcf7c580153eeb5
92afc43b4bcac2688ff92afc4
6732d55e532b743d800000003
56f21bd5a7fd6a498002b790d
c30ff3085c6f00e08c30ff308
01692b1613de1e5f800000000
bcf697a0569a18478ff79ed2f
02bc124ef2d483108000002bc
598a0b9f199d2114800000598
0e64f1b74208aae3801cc9e36
6c900616b5fa9d5a80000001b
3bd5023535b2ece6800ef5408
a9ae761639f16ed28ffffea6b
6c8410d8c47980c88006c8410
b760acec6382b5fc8fffffffb
2f28caba167b91b48000002f2
1c743853f435607a800000007
37b332584499de8c800037b33
949c8c4868f81b6e8fffe5272
866a33e4c76267408866a33e4
f12e3ace8ef3d6de8ffffffff
213a04f28708713180000109d
e00b55984cd434358ffffff00
d8a2b6ee9edc9a378ffffffb1
dbef9e18aa8f7cf68ffffff6f
0c8d86724135871c800000000
a8ef7c1ea295013a8ffffffea
0d872dd3b7fb174d800006c39
efe4f66d46850fbf8ffffffff
25dde25027dcebf2800000977
6baa94b8c3087373800000d75
58d8742240ce34668016361d0
17e6154125bc019680000005f
79f621f9c7809d7980000003c
94cac3009433f9bd8fffffffc
23f4b3481e3ee121811fa59a4
192dee6e0da3796d80000c96f
0b531f0276f4941880000000b
53fe68600faa8d4c800053fe6
e45a68fc0c60d7e28f9169a3f
29e1afdd4b4c6c848029e1afd
7c3c61fc501790e7800f878c3
851c2a16bc73925c8fffffff8
682be3b3f4f71059800000034
e9b63592e30961778ffffffd3
5ade1ffe7e01539680000016b
55e2f581cc5baf7f800000000
fc72edf818e28da58ffe3976f
153ff7b750fafcea800054ffd
beb2a701156975728ffffefac
a0fdc6ee1374b6cd8fffd07ee
9e97107ba6ad92c18cf4b883d
84afc5dc7f464d248f84afc5d
6a41841275430a488006a4184
3d9f25348dda0a568000000f6
989e1d809c8462728ffffe627
615a8740b2bdd49c800000006
a4fd41764a4c3db48fffffa4f
bfb830956132f1fb8fffffff7
9cd808234e05cb998ffffffce
8cc6b9c370ec6e6c8fff8cc6b
12f233c6b14866e48012f233c
70c22c3d4d11b92183861161e
6d8d159121036699800000036
4c81448dc0b68b3b800000009
5f17c0613d553cce800017c5f
658f4593ac85cb9c800000006
988dee6ca0579d698ffcc46f7
b2acd63f8c8e78438f6559ac7
b755c9e0c0d2a9cb8fff6eab9
a86a39f11255f7648fa86a39f
0a5f5ec4a4b75897800000014
dde2094d2e519e0c8fffdde20
c1098614f0a62aa08c1098614
3760313a0c01da68800376031
e9f0b7aae4cda18b8fffd3e16
d8a877001f50d00e8ffff62a1
2d73b423b8882d3580000016b
14bc22b833cd59a880014bc22
10ed8d09e706738680043b634
d6070db57341ab998ffffffeb
0d4b22d338ee8c4d800006a59
ca2176b9c716bf498ffe510bb
6d49de7b6f4ffa4f80000da93
76af99a6fb1ef380876af99a6
4b4cc1ea1332d26b800096998
ac9a7f4c497fccba8ffffffeb
fc7540b653fa64cc8ffffc754
97365b2bc0865bf48fffff973
707294afb4dbfb858038394a5
7e59a051d66a3211800003f2c
88a5359de622ba318ffffc452
87d59bfd6a2581928ffffe1f5
5136e4eba483b09280000144d
b90744cf5eda2dae8fffee41d
7aad53120f8b441e800000001
51a864320b33b5da800000014
7e45cad40d6de8f48000007e4
b8fdd7cfcbf6e2478ff71fbaf
acd79ca5a96787cb8fff59af3
7494d656ce68ea4281d253595
ffcc3e9adf6308b28fffffff3
1718dc129e0b64d58000000b8
7b04f82df7b87853800000f60
5714bf65bf62946b8000ae297
f699b29a17b815028fda66ca6
ec8614ab51f2a4b68ffffffb2
77188f54ccfe4fb8800000077
fa9d23c2c40625cd8ffffd4e9
d77632c1910305bd8fffffffe
6d8a23c90d675a52800001b62
a0d5a247ecafa9db8fffffff4
cf41c6693710709b8fffffff9
3cd76c4803fa9e688003cd76c
a201fd68e94fd9628e8807f5a
2262d814ca61fcb4800000226
c1e50c6cfb5d5c928fffff079
b69b950206db80038f6d372a0
57d3a93c84a28fc880057d3a9
9a90e41865eb65488ff9a90e4
a021aae2f0cb95f98ffffffd0
8b45c5f651227e2b8fff168b8
7dbc36437d718dd78000000fb
310a6285e8e7873c800000003
f62c4975a2de9a348ffffff62
d6248b27e8d6f6ed8fffeb124
8cfbe5e1d1d2fdff8ffffffff
312d9fcea176ae9080000312d
19602c6ffc8b1a91800000cb0
dad144c1b62da5df8ffffffff
f3702f12e2b6434e8ffffcdc0
a1e816d1f84722318ffffd0f4
06f7cdb3bd4de85780000000d
58a3ca279140f70f80000b147
880a55d2d7d45dcb8fff1014a
3ba2b368c6d0285c800000003
0f109c6c049c39fe800000000
aa6df9437d94ca368fffffea9
e658fe2169ce70118fffff32c
29f538d48a4e8eed800014fa9
69666f86b5ed0792800001a59
eee8da97dd0b8e4d8ffff7746
1ecfbf56d032bfc2807b3efd5
4128d478d5b265a3808251a8f
0b10ae73f57a5271800000588
f5e392ab3090f16a8fffd78e4
52edf6125ffe44dd800000002
195c4a306a2c424a800065712
68689fbea20d5fdb80000000d
67e737187b06a8128000019f9
e655ca507fe34c618f32ae528
2f18cba780ecc6688002f18cb
5a2d4e5eda01f1f48000005a2
31bd04acef5ce332800000c6f
a8dadab09bdac3c78ff51b5b5
246506cf32f3c1fb800000004
86d4df2c7fd8786e8fffe1b53
7a368d1f8971250a8001e8da3
e4dcd99f946ed16c8fffe4dcd
cbcb797dab2337628f2f2de5f
6d8b0d5f4f457a9b80000000d
08a968460738e7028022a5a11
aa26be695fb1573b8fffffff5
48386f5603461d2a800120e1b
d8138e3666ef5a188ffffffd8
591d441f792297fc800000005
2a6ac5c78418b38280a9ab171
826c513ea7d6a4d48fffff826
fedf8ae1409749798ffffffff
dbecfe7bd8dd5ac38fb7d9fcf
e79853320222b6198fffffff3
a952feba8c9bc6a08a952feba
183d9e9657e3127d800000000
5d1c05010907bebd800000002
d4f20ace6d5017f08ffffd4f2
2a2ca86dff0d5999800000015
acd0c1d64d8d57d58fffffd66
ee80d7351738b98f8ffffdd01
83c6262faa5cff788ffffff83
6aba60d59b61bcca8001aae98
189aae2bc01c3ec98000c4d57
c98065911e22c67f8ffffffff
4a71799336b0af85802538bcc
1f117e4dadeda8a4801f117e4
53be34d886a3b9518000029df
5650bee4c218d28a80015942f
139f5044c7e81d7080000139f
ea8b10f6a3dbe7c68ffaa2c43
f704553d64f8af9a8fffffffd
5eadcd891bd25c7880000005e
db80ee198e132b6a8fff6e03b
5dfb688ff4f2bfc4805dfb688
60856db865a6ddfa800000018
207834075cbd8a96800000081
e0ece8940998766f8ffffc1d9
0470d608a14dcd4b800008e1a
3eea6dcf7f80f7bb800000007
9e9236cd058b2ab88ffffff9e
815d69144774c0eb8fff02bad
ccc1ea73eefa06da8fffffff3
b68b94c32d02fcd18ffffdb45
637ff0456ae5589d800000003
f4852eff2efe45c48ff4852ef
a0cb4975f05ec6378ffffff41
7d1f0ce845383e7f800000000
b1e05e26a4e89c228ec781789
563cbfb93e82d9bd800000002
2b21e9d92b07edea8000ac87a
c1795867428de6518ffffe0bc
46a07b09807b7502811a81ec2
de1f089238524f648fde1f089
0f127ed6c912e6d1800000789
4a20e458cd508f7880000004a
c3ef2e1811df2a288ffc3ef2e
23ecfb6ee31bfcf8800000023
3e5ab84b65067e288003e5ab8
c46d17ce3cc3b5868ff11b45f
8672681611166d838f0ce4d02
ccae631071bf5d848fccae631
daf1cb73d737fa238fb5e396e
802cdcb6cace40278ff0059b9
20d28c0c56eca8ac800020d28
b201923fd69c3ddb8fffffff6
4e6bcc6bd2bc8425802735e63
c0757a5793d040458fe03abd2
18d8ae1096ece4f6800000063
8b9be9982cc7da288ff8b9be9
4873947afab6ec17800000090
0199ee9828cd2196800000006
252eb38d0540dce580129759c
7d4396978f1ac3e88007d4396
0fdd3a8208b94fe68003f74ea
fa4743460936063c8ffffffff
ee2b7784e14235c08ee2b7784
2620aea57b452dcb80004c415
1187742b2b18f72280461dd0a
097da57b9a861f2f8000012fb
de28009fa12895728fffff78a
2aadb266df731fa181556d933
933cc8533f4db9a98ffc99e64
4952598b8c8d88b8800000049
68199899e9be5a1e800000001
fb0c64c963e4ac188fffffffb
bb708ddf77d0c0678ff76e11b
d52a97c3ea669f008d52a97c3
9d84c7ad0c1b3d878ff3b098f
9ff300eeaa4c81c78ff3fe601
6418d5464b75b779800000032
e27e3e3017dc5bd48fffffe27
b26b9f5e2bf8150d8fffd935c
9a15586b762d180089a15586b
178cd75786bb346f800002f19
ceb9b9a0428762bd8fffffffe
d628ce4cabf304398ffffffeb
97a8210b047605b88ffffff97
4ed9a98940896c9e800000001
8b0cc09a39feb77a8ffffffe2
3eeb2ee0daf6ccba80000000f
b7ad486964874f328ffffedeb
95dc4fbb80dec4fb8fffffff2
89b23cfaff35f7378ffffff13
82003b38a4aa08738fffff040
1c8655b1cb14ef6081c8655b1
ed64cd79e4f707988ffffffed
197bca5e2a5d92958000000cb
5e3c667a1558606182f1e333d
5920755d046fbde380b240eab
93a83c64328c7a6b8fff27507
c56393e5c398c1278ff8ac727
40d1880ee3fc44ed80002068c
569d56afa5de958480569d56a
959675f605855e338fffff2b2
c8a9d7651192437d8fffffffe
85eacbac1d7758458fc2f565d
ed40c19b2baafda68ffb50306
7dcf37f0bb1d11488007dcf37
71c0dc0595b372ce80001c703
7f9000a94b9272fb80000000f
36348398a1dd0010800003634
0d819684373a332080d819684
95826c0d8767c5248f95826c0
c9e3406f4f37ef2e8ffff278d
826d6c18f470e0c58fc136b60
610cdcee246cb4fc800000006
678e658ccd7595b78000000cf
289f7612d281c4ba80000000a
21c6d397d1a7fe1b800000004
d41ebf9e8a54727b8fffffffa
0de4a60cca652726800379298
3f25c31b9e80a3078007e4b86
547f5cc5121d6d8182a3fae62
c69f35e608e73c278ff8d3e6b
d4e5d35758a0fa038fa9cba6a
dcc7031c7ff51d8d8fffee638
b2256486f950a08a8ffec8959
d40af95ece46551d8fffffffe
8fd197597319d8fc8fffffff8
d8224ee3479e33188ffffffd8
707da39170991035800000383
7e575c53fada7beb8000fcaeb
f203981b8ea63d568ffffffc8
602aff8b36721c4e8000180ab
6746a6193f78f7fd800000003
1ae045610fa7ee6e800006b81
a9912635761b2d6a8ffea6449
e4af91edd06d991a8fffffff9
624f58f1995ef6f78000000c4
c3e036f13996a5058fe1f01b7
c51d5df77625c64b8fff8a3ab
c847f7f6d08e89bd8fffffffe
581b204c73f44ffd800000002
0a8bdba11658abc78001517b7
b7795f38328dd4e18dbbcaf9c
9cd3569d06d4fa1d8fffffffc
c26a6ab0280308a78ff84d4d5
0a768ce2ffd29d0f8000014ed
d2ba78a1167ca07e8ffffffff
049c0b1a2aeb401b800000000
6d40bf986f9e788980036a05f
7189bfe878c932f3800000e31
6b87f6cc9af56072800001ae1
8931a017eae8c5d38fffff126
b84e5cbaedef32f38fffff709
cdfda36f574f39b88ffffffcd
ffcbe755bae1df5f8ffffffff
49736ba2db2218cb800092e6d
68a960c12a4f28c880068a960
779d24641e9dba158000003bc
a34e3f961a3c43888ffa34e3f
e700d1fc6b5811748fffffe70
ce2c08dce615b1f98ffffffe7
a3034e4a63904add8fffffffd
2ca93db91cdbd1a780059527b
1ccffc64dccf19c380399ff8c
eb3bce93aac50a238fd6779d2
cf0f655d9f3455c38f9e1ecab
62c15bef1f8ebbb3800000c58
a585f34a5383dcf88ffffffa5
4762712f06ed1244804762712
c4f761e9b0f931c38f89eec3d
705592ca0c69cc66801c1564b
e679bb66033d68d18fffff33c
ef7d7de23bc055758ffffff7b
b4bad7f17004b19a8ffffffed
787d334423029a3e800000001
cfe0f9750441d6178ffffff9f
fa2e0dab91de78e38ff45c1b5
5c03950eb69d57d880000005c
661fb6dfc7466fb9800000033
3269fcec7b7d8274800000326
cc88647f53e573998ffffffe6
385ce5d2aacbdca480385ce5d
c60dc65c97cb3f9e8ffffffff
f209a54067c223c78ffe4134a
a11e0d7c0a0de5c98ffd08f06
254ea69088aff75780000004a
8dc8a3405712176a8ffe37228
2118a31794d03ec88002118a3
68669cbdfb348e73800000d0c
26e537b6eb7f0df8800000026
6d29243d175d51c88006d2924
b446ede82616ec028ed11bb7a
3dd5d91737428532800000f75
615357db1b9797b0800006153
28aceed39f69cfe6800a2b3bb
330903c610a82fcd800019848
fde811f65e136d188fffffffd
e46a94ff50ea1ad08ffffe46a
c146e42de13ad35c8fffffffc
2763de7ebc8ebe078004ec7bc
9a2f73dcb70fab1a8ffffffe6
9255e3d7818fe1518ffffc92a
9bb47c15d5fecdc78ff3768f8
f18a053caa4a0d428fc62814f
1e8623296eb8bbef800003d0c
4c0a443e5bffa6f9800000026
793f0ea85df1b6c7800f27e1d
2ca63dc8271a57be800000000
b002491cc91996548fffffb00
494125904e7128c38092824b2
022d1c8a0127c79d800000000
382a69fdc02116c98001c1534
8731a0fc71afcbf18ffffc398
e5d444735964b2428f975111c
93e236c7b77fb3e78ff27c46d
6f764f8b68f40cca8001bdd93
d53713a924d205c08d53713a9
d0985e2bf04caecd8fffe84c2
594efe726716467080000594e
b99ba0eb06fb97c08b99ba0eb
e611b04b058896368ffffff98
a0d25cc86927d00f8ffff41a4
ef4db8505f1b87eb8fffde9b7
8a3f95935e0905fe8fffffffe
b177aee65e6fef588ffffffb1
801d492a01147ac98ffc00ea4
b714e77fe08ef9528ffffedc5
2924d53d6e13555e800000000
33515c0cabdfa1d7800000066
4d3f02852abed7ba800000013
69c465e06de9d97a80000001a
7e727da2d78b1eb48000007e7
fc27bcfaf6ddc2f68fffffff0
9c1dae3cc8b7a6f38fffff383
c679f1d51952868f8ffff8cf3
ad70b51bc58543c88ffad70b5
6d43ee777c3814f68000001b5
a9022387c9ed56588ffffffa9
d42435dc440146be8ffffffff
35abd7f11936e751800001ad5
442e91ece3ddffd4800000442
c76474267259ba618e3b23a13
533cd579b9a91558800000053
25a98b02968098d18000012d4
83f93f23653661f38fffff07f
ea9b44ea96dee72f8ffffd536
0f07eafb391c12498000783f5
e5dd30cfa220539c8fffffffe
99327e45b3e03cbe8fffffffe
6ae1883af1128bd48000006ae
9f7b195164498cdc8fffffff9
04ba67f0d7ad98878000974cf
69cbd8bcc44b2d4c800069cbd
81d2bddbfa386b118ffffc0e9
9c3b3f61706d09e68fe70ecfd
eae52b6a35ee38208eae52b6a
ed8e7ef95a6b2e758ffffff6c
e5d72ccb4410252d8ffff2eb9
52ac966e8aa85987800a5592c
e0a5c201855e56758ffffff05
43b7da7cb246bfbb800000008
15c0fd489c97af51800000ae0
f531da07db420f098fffa98ed
879200d442cd74418c3c9006a
1d925d67a8d05b85800ec92eb
dab7a34ff9a29e778ffffffb5
0fd786b53bb4e82a80003f5e1
c23d9bc1dafccdfe8ffffffff
62dacd54e4ecc847800c5b59a
b987870d47d1868d8fffdcc3c
2ae6f6fb58f0abc58015737b7
b733941df58f52418db99ca0e
f502c83f399ef1ce8ffffd40b
43f99d4ccca4eff9800000021
2515f6f21db1ae218128afb79
865d6fc1f09f90158fffffc32
7a6ef195fe8cfa348000007a6
a90aa50f9ca9f4a38f52154a1
4532ecbb2435c27f800000000
a60d90ad592fae468fe983642
efb3aa0d43c08e868ffbecea8
014b83f57dbbc5ff800000000
1d399985deaa7ea88001d3999
f28f9c19f9b975838fe51f383
58abed315491f945802c55f69
661d483e892deaa480661d483
5729c551ad8552978000000ae
e4a06edd378c0ce58ff250376
d1b212ca75921d538fffffa36
47f22f92ee0323728000011fc
b2c49f89ed52366a8ffecb127
1eda32609cb3f59f800000000
77947b48435a6d9980000003b
be6ff4d9553e2e718ffffdf37
82d0f96e84778b308ffff82d0
877ea2fb8aa98cb68fffffe1d
748a199634dbb3d68000001d2
a9cf526eff6261ef8ffff539e
0ccdb3b5d71662068003336ce
0ccdd52de3aee08d80000666e
98c86367b20663d78ffffff31
75b3e0c561a9edd980000003a
79c44aea0c35447d800000003
d57d95575f358f838faafb2aa
76f8fc0a98db592a8001dbe3f
885395ae24adda998ffffffc4
cf52876e57c9e7518ffffe7a9
5291ac2baba909b5800000294
b3e379cfb79986398ffffffd9
4f6ec3a50bf576138000009ed
fd50692fe10104ac8ffffd506
d03464d4b7adf9fd8fffffffe
78a7aa33ae0bafd3800000f14
ae9dfc893fa847f88ffffffae
42c881a0759ac287800859103
169b27ea6cacf7e3802d364fd
5efa151d0f528730800005efa
c590b119e133847c8fffffffc
f584c7b24acae3cd8ffffac26
5551cb3232292a828155472cc
4c1154c10d353451800002608
fbcca902b6f43de78fff79952
f66caf6e83b560958ffffffb3
a9bd2c0bb5c1307f8ffffffff
2bd0613d670757fb800000005
c40d56a49fa44e4b8fff881aa
92eff6543bd27a4a8ffe4bbfd
2351dcc91dddb7d9800000011
246e74af6123197d800000001
deaf8ac4ab9a057c8fffffffd
5cbf6989d72b6f1f800000000
91916fb5040f4c578ffffff23
beeccdf9e2d855838f7dd99bf
b51ec6457e6f68d88ffffffb5
7087edfcd467aee087087edfc
48e08fabf3f50ba0848e08fab
3840513012ad4874800000384
5c0c66ba688f94e28170319ae
b3c194de185bca868fecf0653
f32fa72a2767c24b8fffe65f4
5ede26949ab1b0f0800005ede
6aed13d30faef7c380d5da27a
d5c281d89bd932b88ffffffd5
e64a99dc116c52ec8fffe64a9
0bc70e450cdea06a80002f1c3
65164703f4497ef6800000194
3f578b4cfb274e148000003f5
9b7079c759975bfc8fffffff9
ed292096fc5be1d08ffffed29
947119a9f96e86698ffca388c
a2ad31e3fff7de638f455a63c
90da7ad295bcdf708ffff90da
4a2becc531637983809457d98
bd2aa15c9bad3c2d8fffde955
995eb6626871c8528ffffe657
15fed42ec74019a5800aff6a1
9fd1f359a79e70688ff9fd1f3
2c1c28cb5a7d5a218160e1465
ca1f6fab27d7e6b58fffffe50
bab6a956070b396c8fffbab6a
e93bde757afeb8208e93bde75
a270cdff6aace4f58fffffd13
0d2a0f4695b32cbb800000001
de8c6e31e2ab01f38fffffbd1
be97761cda11e3e28efa5dd87
d83c36ef40a367438fb0786dd
6b00edcf14ddc50b8000d601d
9f6763a09996537c8fffffff9
86aab89beeaa25838f0d55713
f4ee98f4ef05b4a48ff4ee98f
a62ecdf6a39351b98ffffffd3
71a70bda05ce169580000038d
10dc068d69cbd4e9800086e03
2b20ab0e4a63332280ac82ac3
45de696c8e91a952800001177
751f22b2f38734358000003a8
e43308911d898ef78ffffffc8
b4424e109a92337c8fffffffb
1a600a6ee129062b800034c01
ff87582bb51db0688ffff8758
3a0d947302acf8ab8000741b2
2fa1e25d388cabee80000be87
617bad661cce6ad080000617b
5a1558cd38a50aa7800b42ab1
d29d1e2752f39c2c8fffd29d1
bf316ae70017a47e8fffffffe
58b62a4137ad1476800000162
2d949dfc6eb7e65a80000000b
78b8b7c995fcc840878b8b7c9
3e34186df52f0d9b800000007
0db7146254ae3284800db7146
e03bb8be8d5358548fffffe03
694b132516592dab8000d2962
e2d25a1930138c2b8fffc5a4b
ba1e0cff0f1c8c038f743c19f
6de147cb0acd86488006de147
a5a7be30730399ec8fffa5a7b
d1daecc5379e66d98ffffffe8
ce42377ab23b6c538fffff9c8
d02a756fdd08e0d18ffffe815
70953f53c7fab7248070953f5
a1626a38049c0d4a8ffe8589a
c74ee919b4cc72818e3a7748c
a35d8180c3b45bd48fffffa35
9654da701bc7957e8fffffffe
22634c39789b9e8b800044c69
c616804bf44c83eb8fff8c2d0
35d76910eed263ed80001aebb
794183489ad188578000000f2
2d507b65a12925a980016a83d
b50fbb03dbc98e728ffffed43
80ca448cd59364668fe032912
c53f2435c7f2cb6b8fff8a7e4
a7addfed71620f238f4f5bbfd
37dcd024d81e5e0c800037dcd
4a8c0c9c59362f73800000951
6c5176c225783dd78000000d8
0547925186359d43800a8f24a
0c7d6a1b5d88de3e800000000
243e1a3b1277d26d8000121f0
6deb9163d2dfea8380dbd722c
e2c73d1987a129298fff1639e
1a289722675a55638034512e4
122b439cea1cca7d800000000
67271f89a0ab13e58033938fc
87d8f2d31cabb4c78ff0fb1e5
0ae16d1c62555ce180570b68e
8b9c9678907f74378ffffff17
7b20edd91385b2e88007b20ed
31eff1446d35361480000031e
369a9b14d44c67878006d3536
7832e9afd8cac9c5803c1974d
c708e0f74711a88b8fff8e11c
ab9d9660de8d4f988ffffffab
bf0f460a093626ea8ffefc3d1
ae95738efe3d28bd8fffffffd
0dd5ecabe19098678001babd9
ce433cd91fa66a7f8ffffffff
09ffa2d89271b2c780013ff45
2a866fbc3915b7a4802a866fb
82c8f6c5a1932c1a8ffffffe0
0d3de40f86a38a9180000069e
c308f601c422bfe78ff8611ec
9c5f74e47211988f8ffff38be
f96ae5179942cd648ff96ae51
d1981b78653a49648fd1981b7
b0fb3534919a2a878ff61f66a
52f40077f2e7a09c800000005
4b40c9793800b0d7800000096
f703d26494e0e0408f703d264
87f5f043796901998ffffffc3
ff1f8a499e04140a8ffffc7e2
382e7e528788364280e0b9f94
c7ea4c49530ba5128fffff1fa
e51286f027ab255f8ffffffff
0f593763b225bdb48000000f5
9d31bb9104190efe8fffffffe
91d6ea36345106678ff23add4
98775ab9e04f4e0b8fff30eeb
b086c2d5c8efd4c68fec21b0b
3c3917e42273338b800078722
e6d9f20fc349f4588ffffffe6
d7c78cd9250a15538fffffaf8
14a76fa6daadcbbe800000000
902df4181f9f40428e40b7d06
d556b4f6e21d235b8fffffffa
e6dd381655e38f588ffffffe6
3fe622fe15e7e5b0800003fe6
29827dc36cc5c32880029827d
b058b63af7e793b68fffffec1
a756e650bd34a0d68fffffe9d
703ce8a9cb5e079080000703c
e76ddaecdc48f6658ff3b6ed7
1b58ee6d250372f28000006d6
dc98abf87467a5588ffffffdc
fce2bf579185324a8ffff38af
0fa5bef74579134a80003e96f
f7683c04e0bab5f88fffffff7
ede7717e9f9ce2d28fffffb79
c14b727c62db174b8fff8296e
c559f01ca0b1f13f8ffffffff
e9c59cd6b5c766ef8ffffd38b
c6a9953d48c64a828f1aa654f
0953e9f717956fc6800254fa7
cd40268fd3ba9ebb8fffffff9
7815cea727233c568000001e0
5d00786d1cc3c2f0800005d00
2e2aa07317412c5b800000005
ae467f641afff9cd8fffd7233
bd86a74acc0d547b8fffffff7
f7b0834d179c56158ffffffbd
e06eeb56fdbeb83e8ffffffff
115404cd15ba4606800455013
101ab2ebbf5e1b08800101ab2
d7ca59c4eff76e298ffebe52c
6a255ad6a5b7374183512ad6b
2fb8c5286e7052f580000017d
844f92233c8abc728ffffe113
101c71098e834763802038e21
5ed71679ab147cfb80000000b
aafd93b45b2aebdd8fffffffd
60d917922b734140860d91792
581f74f7021cbe12800001607
cffd302c24b238db8fffffff9
fa42b08724696fad8ffffd215
d3b2274f058693238fa7644e9
57d2c4d7e6c248d680000015f
73bb05bb7046dd66801ceec16
e8ba2da4fe576c948fffffe8b
94d54b72f52608678ff29aa96
04f76051b2a2764880004f760
4e787932020f0e4b80009cf0f
75308abd0ee724b4800000753
6e336006f6610f92800001b8c
ce1c304801f7de7b8fffffff9
b50d46c6ee22044f8ffff6a1a
bb37c45634c5c2f88ffffffbb
8d3d44bcf52a531c8fffffff8
a6e4f36221984ff78ffffff4d
0d1f659f258acf2280347d967
58ac7e5ab34fa356800000162
072264b778452d49800039132
cf50de94d7b82be48fcf50de9
11118a8712b31e74800000111
3b45ec559c733ca181da2f62a
235d2f181b1b37638046ba5e3
49eb2bf1275415318000024f5
f0e2ecb13469aff28fffffc38
b957a86dfcc335498ffdcabd4
ab456f0076c3f97f8ffffffff
ced3b0ee359e8d288ffced3b0
263ab6b6bda906008263ab6b6
3569daace3fa2cb4800000356
c080c73a0392deb58fffffe04
c474db36897db9798ffffffe2
a5a0b59778c0974c8fffa5a0b
5cbfb73beb26a0098002e5fdb
21bde4d3b9eb61e7800437bc9
95d7d70b57e2212e8fffe575f
a14408518e65d0518ffffd0a2
0710c820eb64a36a80001c432
f38f6701f7fcb5668ffce3d9c
9ddea5373d9c1b8e8fffe777a
1da03f53f54d36d880000001d
7597155855424aae80001d65c
dad3e3e52f540a058fed69f1f
3eeb371158c1011d800000001
b077e5326547e3cb8fff60efc
0d145e1e3968d61b800000001
138b8901f8eac4ce800004e2e
5e6aa48facdf18ba800000017
2d88537a7221e59c800000002
c6ff2cb54fdedc9c8fffffffc
78e3bc2b368c03c6801e38ef0
2e9e0b8956c12bc4802e9e0b8
eaddb37668d306598fffffff5
b956b165471e395b8fffffff7
29facb393d80b979800000014
3e103e7e7edf0d3c800000003
f3a2c1016ee00ef68ffffffce
2cbcc924e1dcc57c800000002
0c6575bd0c16462b800018cae
63751d6d8e2c1f8980031ba8e
e082a7a7ecd93a6f8ffffc105
c583b50c5b35a4548fffffc58
006d5c9f78e0db96800000001
2d0c1e14e56b4d8980016860f
7b20c17509ae2edb80000000f
8c758a1f9b47f53b8fffffff1
a7aa5fcaaf66e7268fe9ea97f
3b4e55fd4229fe948000003b4
a3b985c505ad498e8fffe8ee6
3713af80f458a3fe800000000
309ce6a9095e4c9180000184e
2b747966899cb546800add1e5
f54377230accb65a8fffffffd
b1c991b27abb13198ffffffd8
571e485494f9b2c480571e485
c31c15c12dbcdba28f0c70570
91dee7026d78088e8fffe477b
7937749abe115a7c800000007
093b557bfe0b26808093b557b
a2bbf20b24d8cefb8fffffff4
4b6596ce90a5399a800000012
74fe70798c09a8b480000074f
6102776f21278c2c800061027
36a3693994297f1a80000000d
a93d5e2d8a54884c8fffa93d5
ae7cb4d546dca73e8fffffffe
bec1901f347446718ffffdf60
918a4a06719a5de68fe462928
c19e40f7a6bef3188ffffffc1
25139eca1bb8199a800000009
250f3affe918f1e08250f3aff
06a969f174c19203800d52d3e
dbbf548e501229de8ffffffff
f5a4abaa9e6928a58ffad255d
64cf5bee2580f032800001933
231763eb6078be068008c5d8f
5bac627611bf84d880000005b
9c481a405d10ba0a8ffe71206
7bbe879db397b8c5803ddf43c
989192499016c3458fcc48c92
048083c1464b952580024041e
a86de3c7d3a35a848fa86de3c
0479031952e5d90580023c818
f6ad57dc18936d128fffffdab
c8ba01b685adb74e8ffff22e8
489f75ca8bda2eae80001227d
2356c16ba48f1e268008d5b05
ee0b09ca3ac386468ffb82c27
293119e6347d2ffb800000005
53c0d751f20b5e93800000a78
3394ecc2fcf47df2800000ce5
e42c3ba4ead0305d8ffffffff
f11d7f351d6e78718fffff88e
a4ee6d20e0008c8e8fffe93b9
ad374aaa563fed458fd69ba55
6f4259bf1a2e1de6801bd0966
8b90818068e60c418c5c840c0
33d628f5666ea038800000033
e1d57af5195606228f8755ebd
dee4c3ceb0f37e578ffffffbd
798dc4c67048a3f3800000f31
978c5c22eb4ff2688ff978c5c
7612e68c5caf599a80000001d
e127fdbde2ffc3138fffffc24
433d64a11b16d9d28000010cf
0cc7a645a467eaab8000198f4
2b8a32747b3448b68000000ae
f045f6a7eae6abf98fffffff8
a736d49fecd5134c8fffa736d
0b079bdee7629df1800000583
182309acd008dd008182309ac
2e8138191efdf8f2800000ba0
aa6923cc6a8292448faa6923c
cf7a53005e6e634b8fff9ef4a
b30b6a4b167cc2e58fd985b52
de773bffb3d0c4758fffffef3
9bace6995deca8638f3759cd3
8dc70706b84e59ed8fffc6e38
995af7f359e306938fffff32b
e2765f87362c6cbb8fffffffc
76ccdf9fe8420da281db337e7
556a1b8678d8414680155a86e
675efbdc2db7713580000033a
62479d6745b6ec7e800000001
ce7d03203d4682ea8fff39f40
f3c3c130a79ac1858ff9e1e09
ec9ab0335d3c62cc8fffec9ab
481a9fc79c378b48800481a9f
6201031d8168a275800000310
d797df1d6d38e7fa8fffffff5
5302951c2461b2a8800530295
8556f608a9dce57b8fffffff0
54a86e616615e5d6800000152
0f4633d60f67d0088000f4633
3348dfab52270ff18000019a4
e86cc8cb49ba593b8fffffffd
debe01bab248ecd78ffffffbd
01b81ce9b560776d800000dc0
851e8b444fdf47418c28f45a2
f856731b3eda416e8ffffe159
695bb86d2b9477178000000d2
3f0d072a0c6dccc181f868395
67845c169bed5eab8000cf08b
4a08f0079db09997800000094
faacccfd4ef825cf8fffff559
1a6a80a0b07d1071800000d35
6c1d59fc155da8b880000006c
b44fa22f8c6dfd618da27d117
a4f62af3abf610938fffff49e
b1f2bd3184f2d6a48fb1f2bd3
7256b63d523504c9800392b5b
2e75f2f4c1450ebc800000002
1fddaa35a51f1922807f76a8d
1f5588e46f3b6970800001f55
07d71690f5fd761d800000000
2df181b2c35af22e80000b7c6
b63863a54fe726768fffffed8
50a447ae5d091e91800002852
901fb64537583ee38f203f6c8
3a011484ac959a1c800000003
0270be10315c7aa4800270be1
6212151778e74738800000062
4d60a7e060a577e980026b053
ae474d820423fc758fffffd72
aa2ad52624c8a7078ff5455aa
8cc0e0d2f96dd0e18c6607069
04ae1e67cb1161b6800000012
c93d988872aa57158fffffe49
ad0c1bee020cd4fd8fffffffd
4a476b15118eabc5802523b58
033710bb8ab10bae800000cdc
c48c2aeac7bc04b78ffffff89
4cbf7ca355c77a948000004cb
f4a8cfe6d922ad438fe9519fc
6ecd3db423b9b7d78000000dd
1e6790e8a3c408d2800000799
8a3cd0980123bca38f1479a13
0f2f97cd3580dfbb800000001
d9e0e580b0e98c7e8ffffffff
9062c886e6dfbf098ffc83164
994790bd60675a4f8ffff328f
da3e1b1891d9b9b98ffffffed
03d9e6df7e90851680000000f
e625101f8081b1058ff312880
58a5d67bc259326880058a5d6
6ee91f1f628c1a5b80000000d
4e9d832b5d75bb6b80009d3b0
4ec1a9a18ac4ecd780000009d
e950ec0fbe1088918fffff4a8
8e59f2633b1a96228e3967c98
1aeab97b18bab2d0800001aea
498f293de4f8d46e80001263c
2b4bc72e67a08b37800000056
c1a38a66799ee3df8ffffffff
2b8f47428728143880000002b
d604edd8d91bbf338fffffac0
939d247e3a2bee718ffffc9ce
56b9b129901e03c7800ad7362
d6cca8ee5bb8aa238fad9951d
d1b3113dfcdee9568ffffff46
389ed123a050cc6181c4f6891
84edd146a39ec1ce8fffe13b7
f3186b5f3278f5168ffffffcc
01c676a59385e619800000000
053fc7d61bf4127080000053f
8bdbe752ba81311b8fffffff1
c927a2840cc3b2a98ffe493d1
886472709ea502d48fffff886
c0801f92339e7a8d8fffe0400
73fee5881c434ea0873fee588
0c835431334ddd4e80000320d
467c8326dc1d938c8000467c8
528b856160ff7f68800528b85
2ad241b11848dc6580156920d
09943d329748578880009943d
adef89b3ed999fe18d6f7c4d9
2c9730c9de043af48000002c9
5b9ac3470cba315680000016e
ce920e5f7dc908968ffffff3a
196cc9a37f431457800000032
e28e4ce31d7b1d7b8fffffffc
eb1506e2d02cc3938fffffd62
1eddbf1389ad8a9980000000f
7818a1bc9e23acf980000003c
8e5a0d8de1bb5cf18ffffc72d
d8da6cf38b4d09288ffd8da6c
4bb6c9423cd36330800004bb6
0a2a89b7265acd9880000000a
806bb699577e4f468fe01aeda
2edc7c892e0a6850800002edc
760b1b46a21b7f5080000760b
be03d3809416d4d08ffffbe03
db0411a648f7bc888ffdb0411
57324c66ccd0765e800000001
4d0f0464b9ddecae80001343c
d728a0c34454c9fb8fffffffa
bee067fbf3f59c9f8ffffffff
b66e4f6a9a7788f08ffffb66e
609d7e69c2744802818275f9a
76442ad3155be04d80003b221
ac5e07913c1e5be38f58bc0f2
17541f09bc0a46868005d507c
64e6e2b71a81de8281939b8ad
9bdd9410621cdb088ff9bdd94
e5d1f2536956c36f8ffffcba3
55e62189aa36d36e800015798
fffcef9c21417a4c8ffffffce
8b4b9b46af84b2e28e2d2e6d1
5a52369be8027c25802d291b4
1bc360a71fcc987a800000006
80ac22ab13f98ced8fffc0561
a47359613821c5c58fd239acb
9caee85719bb52e089caee857
50acb0615aa769ca800142b2c
25a58c7517d410c58012d2c63
f33e3605ba33c9718fffff99f
ff1172f932319d188ffffffff
5463b6e634a3bb688005463b6
9e6f22443d5aafee8fffe79bc
a336c2e7e5ddfd168fffffe8c
4523d7c4ec9c284084523d7c4
4824d108330c7790800004824
1291ef9385e9cbd8800000012
92ecea0a57dec6a88ff92ecea
24386fd63a57b9ba800000009
89634df60914dae88ff89634d
6c95182bd3faea4580364a8c1
2d4fa37ed83c5cb48000002d4
aa37bb519eb2c80e8fffea8de
e66c732a370c4c328fffff99b
9c7c0796afb5afe18ce3e03cb
af9c02ad2f64248a8ffebe700
e6d097508b53b2b68ffffff9b
44f7c06ec5ad9a7f800000000
e1af649e76914ee18f0d7b24f
4a0ed962926c4cd6800000128
836f9b1e5c4e93738fffff06d
ada2752c731b8fbf8ffffffff
b4d26cbd1485449a8ffffffed
e55857dc1c3800a48fe55857d
22edb968c7abbf6181176dcb4
85e7137272886e398ffffffc2
a5d127ec6e7d59808a5d127ec
5bd866bad6ff656f80000b7b0
a37e52825c1b5a2c8fffa37e5
e41985e34da33c358ffffff20
e92e5806c0f7b9f68ffffffa4
5e9b2e0ce917eda4805e9b2e0
e46ea0bd0cf4fd408e46ea0bd
b1b6170561f4d1f18ffffd8db
58aabf465a1bdab1800002c55
141e589fe9ede9e380283cb13
945dc06840234b148fffff945
5009f96ec076c7e085009f96e
ed4c20a4913f09898fff6a610
fcfe168a959b3aa58ffe7f0b4
6b569d1c191791df800000000
98227eedec13a8fc8fffffff9
540344e9f094047f800000000
367f1a17cf156a568000000d9
83c83ba08e558e3c8fffffff8
f52e01ebb0ab27348ffffff52
e0ffd3e6d336b51f8ffffffff
b912582354c08b3a8ffffffee
a6df0623e55526cf8ffff4dbe
43804a14caa9106f800008700
367568a00f8fc0408367568a0
c966a869933b3b4a8fff259aa
8b556407a854fa348fffff8b5
a23f27785f5e8d788ffffffa2
cc9acb38502b962d8fffe64d6
411fed4bb991b1d180000208f
4a571734d110c157800000094
904832ed71c6d41b8fffffff2
5374213a4cfa3f468014dd084
86982ab4a66ec34f8ffff0d30
6d540ba9b35640548000006d5
cbed9c369136c1358fffffe5f
cfdb11956dc99eb28fffff3f6
5020af1dcc0b651a800000014
8cc28bd5aa9decb58fffffc66
cc07d9901db417d28fffff301
aff906fce43148e78ff5ff20d
ea96f706be83fe478ffd52dee
f30af4e1618e5fd08fffff30a
b714f42e095248c98ffdb8a7a
c8b5b7f498535ce78ff916b6f
374cf84fbaa1d4b68000000dd
667ae220c56c8e618333d7110
7e6dbb057fbaf173800000fcd
20f4454430425dd8800000020
885c025b8e1c2ea18c42e012d
6005cae066307f2a800180172
159289d5234be27a800000005
e1e556b4fe8297128fffff879
8d55361bdb9ad65c8fffffff8
9c578363c3dcd52089c578363
35220f10c4ca5451800001a91
72deed1b495a7459800000039
4b1c34f3f1f31a9680000012c
c663315fdc9f721f8ffffffff
12c00a8226e66af3800000258
842345e3bd5251fd8fffffffc
d66dd473ed6fa93f8ffffffff
b07e19f6d006cb998ffffffd8
2a2eca10a5181f4280a8bb284
65941dd501d1e8ea800196507
49c00bd66ed3ff6e800012700
8b7b6e696d811ae58fc5bdb73
674f0a31e1f3e26d800033a78
0727cabce2e0b491800000393
6fb47e485980ab64806fb47e4
8d0caf309f2ccbbf8ffffffff
a0cd102446d467388ffffffa0
3327537a901894f8800000033
22d41ad105fe0d268008b506b
44e0f342e58d1f8580227079a
177757272c94f3128000005dd
6332ba49ef926b0380c665749
a9c2f455c25a5ea08a9c2f455
51330e2b106b7dac800051330
a1251377c957469d8fffffffd
88d9a7b94e92d5a78ff11b34f
46ad78bbc95c7c678008d5af1
aa0835eca71222108ffffaa08
cc0ce69caf485bee8ffff3033
fa9bdd559a6bd1d38ffffff53
8060265d06e7985f8ffffffff
4f547b0d77c562d9800000027
7888ea6af59663cb8000f111d
d261bc443c3a9dab8fffa4c37
a741787f6ca0f93c8fffffffa
79f1a9943b9283ed80003cf8d
148e6919cb69aa0180a47348c
cd290e1699c9537b8fffffff9
9091233691576dd38fffff212
47c5ba7fbcb0feb8800000047
86277c9b931bd4098ffc313be
8f7ee846eea2af7d8fffffffc
29e6475d3d69c55580000014f
feed54d23688da818ff76aa69
c670dcd47a9aaeed8fffe3386
4b75f12c317ec6038096ebe25
42852f401eb47b1d800000002
f742d3b14e0e61688fff742d3
6c980b637295d326801b2602d
5272799e1430fd01829393ccf
d22a1ddb024c63688ffd22a1d
298b94bcf36cbd13800000531
2610b3a76cc1658580130859d
802566791e4c6fe88ff802566
0aa8b273e892229d800000000
cff26895b6fe07928fffff3fc
d9ed4aaef6882cb28fffff67b
a141f84ce8fe80cf8ffff4283
fd8960abc0af96368fffffff6
950d5047df26ad338fffff2a1
4f9c511bb985882a80013e714
195264f5d69c0066800654993
678a1a0d36515bc58033c50d0
5ff036457bf4db8e800017fc0
76098a621c5a122a8001d8262
50600f8b57c1260f80000a0c0
9eb6f3151f7053898ffcf5b79
7f7ea4fd42a54bfc800000007
3c23721ee137340181e11b90f
6efe8c46e869cf818377f4623
66fa9ab58aa531ec800066fa9
455ffee4820ace7e800000001
8c6e28c94e94152c8fff8c6e2
0c61a9797435021380000018c
39aa0c67504174a280e6a8319
6bb22506271ca7a6801aec894
ad649a577cececa48fad649a5
1c2bd4f296af53b880000001c
c0c87ab357385da08c0c87ab3
aa52a10db04300848faa52a10
f73f2e9c2ced1d648ff73f2e9
7c14c22b5172533a80000001f
3aede1976f8f81be800000000
d6648b0f2d12383b8fffffffa
3b3a6b1e34ffa53f800000000
41b521040e5bd9fd800000002
4b94d3e5e0e9110f800009729
bef1d0e9f74fc5308ffffbef1
0102919dd06292bd800000000
4acd0dd421b18022812b34375
b53c9125c1d6792b8fff6a792
d92201bc51aeb0828f648806f
4aacbe00a9ffce5880000004a
a8d8034bee9d372e8fffea360
713485ad0e1b9cba80000001c
731cee5e48bd4e1d800000003
597933fef585c44182cbc99ff
d7478fa694f970d48fffffd74
43891a143e356259800000021
9b5c5d21de6aa1908ffff9b5c
bcacb23da0f8c0d78ffffff79
e260052a160c1f818f1300295
83fa8d01730d84dd8fffffffc
499e00435d012ba08499e0043
c53a980a0ef118a58fe29d4c0
02dddb1cd06b8e6a80000b776
0c6fcb003ee20fa4800c6fcb0
13269fe854260c868004c9a7f
4aa4776ed485f23c800000004
da3a54dd76a0dc718ffffed1d
3e11b5c63bb08b2280f846d71
ed87c2b1627dd71b8fffffffd
b8ba1b871422d4bf8ffffffff
b1d64e79acd24e6b8fff63ac9
f99e9d21998f2a128fffffe67
7ef63bcb3327638087ef63bcb
f0145ccb58d469c98fff80a2e
177fe8cf79d56045800bbff46
44efe485ea0832c28113bf921
ce326a5df62346b48fffffce3
a6123c578c0cab578ffffff4c
bbeb5e5587ae6bee8fffeefad
2e58ce2f1b167212800000b96
85e9cd532e802be0885e9cd53
512eef5d0755e57f800000000
0f9a9b416fc059af800001f35
c47a6d39d00c8c5e8ffffffff
4d69eb48aabf319b800000009
1d67fbcbb376525c800000001
8d88322780f139858fc6c4191
78fd35ce3c795f78800000078
2395b655a9f7501a800000008
ac8b221b850f1a988ffffffac
c63463b1f7e336498ffe31a31
ee7da23d16860c2b8fffdcfb4
9cd78522d1b27d098ffce6bc2
a6345e32fc97531e8fffffffe
841b9f507dcab3858fc20dcfa
39e1f94ef74fae8a8000e787e
bd5e46477e8d6fc28ef579191
d43375a8fb43aa518ffffea19
38c6f0dcc046f4648038c6f0d
8e7deef53234fe688ff8e7dee
47189130e17f369180000238c
f6f39a09810add218fb79cd04
654067309d7b5bfb80000000c
f4442d131f9559ff8ffffffff
e46a450da28be4228f91a9143
a6cbe6e391c6215a8ffffffe9
06703f49a409f2c0806703f49
01dba07c29c5beaf8000003b7
73057a3492efe82a8001cc15e
82c3149b5039aa7c8fffffff8
c87af7e1aa4ef1078ff90f5ef
a6a137b8034c293c8fffffffa
6bd3efc3c689fac4806bd3efc
19ce535bb6219db58000000ce
de96815fcf1d2fc48fde96815
207ccccf7c53084c8000207cc
1b2f70684f47726b8000365ee
4b5986533a82dcce800012d66
38d3a74428593652800000e34
fd8c8e53afbe19008fd8c8e53
1f921c6a17844c43803f2438d
c052269dc17ca1218e029134e
947b16609b8781a48f947b166
bf8373fd51981ca18dfc1b9fe
30d138e0da0d8f9480000030d
f9d33411c41851b68ffffffe7
3b8997ff6fc13f498001dc4cb
f5b2958638ab5a3a8fffffffd
f63f6bc20c9c8f6d8ffffb1fb
018710d5bfc3b453800000030
9c66278cfb4e4f8e8fffe7198
8c42d62b0b399ba48f8c42d62
86915b1fa5d9efe78ff0d22b6
5a345c0805484f67800b468b8
605d14e9e747a05b80000000c
270b14cb126bf8058013858a6
268de413ebd2659e800000000
cac170b1416c725f8ffffffff
17d71765301961648017d7176
b4ef1bc0b7c8c1528ffffed3b
6376cef3457d46668018ddb3b
cbbd3c3bc905c7738fffff977
572e83f095c3bef78000000ae
fedaebba5de425398ffffffff
a587f01477df8e718ffffd2c3
6b9dffe74b2f474a8001ae77f
117352d9390b5e28800117352
546135047fdb28f8800000054
15ba08874b957af480000015b
d4e97868c5622db58fffffea7
e096e643ba18f3608e096e643
f6a7eff598c3d13e8ffffffff
f2c30acd873479328fffffcb0
13025418698684ec800013025
7b92c562fb6868578000000f7
1250156c24d9dedb800000002
b77b403a3a42f3b28ffffedde
0221e080c06e3e10800000221
24b546cce2a081ab8000496a8
7a210ee3f4af3c84807a210ee
1db0a62eb490321880000001d
08a8db544601415f800000000
d0d99bfd30808bc28f43666ff
c269f917989cb0608c269f917
0669d7097e4fc22680019a75c
7dbc2f2f0cddc6b48000007db
b6d851e1ad4af17f8ffffffff
b0735582ffe244278ff60e6ab
c4fc792df195cee28f13f1e4b
da226063b94bf7038fb444c0c
a227870c4e5910e88ffa22787
83b95e4ac023ef308ffff83b9
3d3dd3767bf85e26800f4f74d
06a3cc74feb1e4868001a8f31
3ba403d1310ab0fc800000003
59a62d772dc989c380b34c5ae
073e9ba22120e62b80000e7d3
f1b4cd09a3b8e33e8ffffffff
730c6c0b5e011ec480730c6c0
253de2136eca482680094f788
2ab7146f753521e4802ab7146
515c9e1d00760dc480515c9e1
4460eb1ced0e8b94800000446
1abeb6f7baa9a351800000d5f
9f791c0f53a0f50b8fff3ef23
441eda074e01b078800000044
b15ed0cf967170b78ffffff62
2458d85498f800f0800002458
ee4f3d200b035b018f7279e90
b6f9eede137f5f688ffb6f9ee
67121ea456e4a8b680000019c
77ca4fd6e66c5e3b80000000e
a026c73685fd304f8ffff404d
f4d6008bf5c649038fe9ac011
cba11a304e4e839d8fffffffe
865fd9526635530f8ffff0cbf
4a1ae28ec0b767148000004a1
af0223c29f6a1fcf8ffff5e04
539c6c4ea8ecfeb680000014e
6e8189f59e915e46801ba0627
246a0ff299f52494800000246
8cc30fee99145db88ffffff8c
3a04b7e0e698a1f3800000740
5e749a6688d8cb31800002f3a
14350b4425e20cb395a200000
26e045f1de20f3ec9045f1000
2e6c4f55153e9a099d89eaa00
083dbe1b65272bbd960000000
b4d20eba0a341ed090eba0000
19e9f596e810e6d992c000000
14b39950c262b2b0999500000
feb81533746bba97999800000
8fc6f5481656713a920000000
c00cff6b2d59fda59019fed60
920cae82609943fc920000000
f5d95c7d49e7b13e940000000
7d3b58b76bdc188e9d62dc000
9bdb9a027ce3b60099bdb9a02
2b325269b37417d99d2000000
ccd585aeac03e5cf9c2d70000
1fc34b05421d207094b050000
56ab71fb856c9f519e3f60000
ec0d3c49eb6a443d920000000
52c3270ea031628c93270e000
4057f646040965ed9fec8c000
6b7dc0c7f112994897dc0c700
38e5223c491e1ef5947800000
7b99a4b3fd2a4f5d960000000
09dd6470db41127b980000000
0f517439dc9eb130974390000
8cdc9f69f0d643749f6900000
43e9ffd4c271c0c597d3ffa80
0471a3ccdda9b00a9c68f3000
69bb3dc79a7b9cbc970000000
ff549757f685fc9295d5c0000
397ed0a4513c00b2942900000
f2c4a5f0956c693c900000000
62ed905ec7e6daf3982f00000
b81a3e004bc6598c9a3e00000
bc36a17f654717a5986d42fe0
7ac37a5924ddaeaf9bd2c8000
d4cf25b43012f68f992da0000
dae78769262473f291da40000
2e93c7d4e47226509c7d40000
953d9f12739c2a2a9f67c4800
f820dbd7f4d5d1f49bd700000
9122e8e542a1ce6d95d1ca000
7867c50fd8c20fb09c50f0000
625eb71d81f6fb529dc740000
6e4cc9b015b8412f964d80000
732ef1414bee68309f1410000
34fdc03712355b2f9e01b8000
342387e3e2ed2a01968470fc6
2f77e2e20bc802dd940000000
5615a289a6b3dc2095615a289
3a954aa47f41c53a990000000
c2f0c422f29d09d7911000000
4bfa00b07bd9512f900580000
ac08193dca36c84396040c9e8
f0974462641e8a94946200000
e6d37ac3e702ee139d6180000
b60ebdca565197c890ebdca00
ec1c0bf2f851a72993817e400
98b8a0999d84083794c800000
f9fe2c03177f48d29b00c0000
2b7bf5cd9702b59b968000000
e1a3184e917e7ae9946309c00
b1183b5f1acbc7c69460ed7c0
914480bec34534059289017c0
667c8403309d7015980600000
9526caacacaad5389ac000000
ff6f9a2575fa1675944a00000
be737803260712739c0180000
7d9baaa55c511ce39ecdd5528
f28b148ad796646f98a450000
d18061c410d93c009d18061c4
3505916f97aa88ea91645bc00
c611bdc15b083b409c611bdc1
1a7fdfac46b091f69eb000000
e8783970e09aefea9e0e5c000
2bab1145a82ca2e49bab11450
f4225ad67bc8ce1a958000000
6840538a06c92ccb9029c5000
403703972ad7dfc996e072e00
2d6fb656f7172fe396b7db2b0
c3ef008c3ccfe55a930000000
183ef661f45f35b09f6610000
1b4f3adce6378c419369e75b8
e822f90c48f1bcdf900000000
a1e4fb13ea26f0e69793ec4c0
9a18f9569a6944e59431f2ac0
c942c31b124ec0a8942c31b00
954c28056477f717902800000
5cc1cec0b705654d939d80000
7803b421708bb3a9907684200
e2ce1e7241b0691699c800000
0530c1715ae589ee9305c4000
5a8f7b0f80e0b6d097b0f0000
bf3d45c85837ef6f9a2e40000
1f36c40fbb4d076e9b103c000
8089829dcd2c882d93053a000
23d828ef33ff2e6b9c1477800
439f09346ab7ed93949a00000
bf120079bafa8a2a94801e400
af97b02e98cc9bc397cbd8170
499ead6a5e22e6509ad6a0000
6419d2f25edaed019c833a5e4
331968be3b87473795f000000
0e844b2c8f05e4449e844b2c0
ee6198bd383bdf8a98662f400
eb6b32c95d6270c896b32c900
f92217d3737f7ccb910be9800
3b5f0c422d83bf91918840000
1cb3c3624a5b6c8f9e1b10000
ccf541fa273c37e89f541fa00
98604fbd78983d7e940000000
c76788391ab6677d920000000
6b5f819890de5c7f900000000
f5d165f96a6336399f2000000
93e558e9a07e963e940000000
c2909f069247ed549f0600000
4c7893f029d496c3963c49f80
38c3cfd98fb19c2c93cfd9000
b4682492e15f2496924800000
ba1145b38071a1ab98a2d9800
e923d14de4ccd7cd97a29a000
5c28d794ac65ce9c940000000
3f2cda3fa59b58e59e59b47e0
50dc3e1026ada197908000000
2fc29e1b15b5aecd953c36000
31ba44b751f7f0be9c0000000
2fcf3da35379c5ae9cf68c000
e3ea1d87335edcf59b0e00000
e93c6657129d015b9b8000000
b40f0c8221e3ff3c920000000
02d1a1d4e950280f9d0ea0000
f23f9a820b9a1f1a908000000
e7be310061333cea9f8c40000
35f602d66bf0e1a196bec05ac
61c690d664948e399ac000000
4e9455692fc715849e9455690
8a405183e24866ac905183000
7a83254daa8aa84097a83254d
acda31f84dffc85491f800000
a36a38eb15ad260b951c75800
fcc5262e1d7fe53a9b8000000
b7ade00b5aed14129802c0000
53234614ccf39a32918500000
9f8480d193aad231901a20000
5d1fbd55472a7ad59aaa00000
a99bc97b96a813d99f6000000
7b960d81a5e096fc910000000
c00dca48ff902237924000000
a592f390c09661719e7200000
978d82c70035300a9360b1c00
41eec6639e2fc9f8963000000
4b598c1c139fd539938000000
f855ae02b497b4429e156b808
15b0334fdf4b41f19669e0000
ffe9a214f191437a950000000
3af69a4cbeec7f71934980000
05dce3247ab20d919c6480000
1b0d8ea16eccfd6091b0d8ea1
cc8d20b5c0bca0a991a416a00
41791d45b0711bc491791d450
ae5215ef73e0a3a195ca42bde
17f1c53351c445b59a6600000
f6fdfe7a9143066e97f9e8000
e2f953febc3bb54d92a7fc000
7f2fa91562294b049f2fa9150
c74edc6b28c0134198e9db8d6
fba76df6cb4e00fe980000000
318c50dd0f36ab6196318a1ba
6de7b46f10efe2599de000000
1a99104d8f48a61f980000000
24325b17c53524689325b1700
5b3e17bc189be3b295ef00000
7f7c630e3eb0cd709630e0000
c333496d098ee59896d000000
cd1c453237eea5359a6400000
a8dc270ad6e57034970a00000
360fe9ec7ba95f4a93fa7b000
36e14e03395a93e99c29c0600
36c4cbfb410725569fec00000
44b328dab99b5f36936800000
9028b8b6597af349951716c00
94f38dd6e3211a549dd600000
5cc0ddae46bb94679606ed700
e8874e7c3e6504149e7c00000
606fa44e0d96fb95989c00000
46feb8fd5cb660bd9a0000000
537616f46a36c8a399bb0b7a0
95f0a5060487ef0d914a0c000
bd782247413a9b3b938000000
d489a922ef4b8e96948800000
94f99cb8058ab071939700000
0d8e3bc9a8dd362d9c7792000
edded10b79250fef968858000
d541e7ea99bfdfa09d541e7ea
12358a1e53e217ce962878000
1ef05ea1ef94ef369a8400000
a9c983da9d2dc051907b40000
56a672d2ca1790f7969000000
d49f9b0d8f8e08f890d000000
c93b0dc3702d9b5f980000000
31cb5294ea39283a950000000
9d5d82e694d39f969b9800000
f21ec9e78e32f925943d93ce0
2652f32634e977e092652f326
4006763288c0843b990000000
b763edf574cbceab91f6fa800
9ce3d1e27c73dda99c7a3c400
5dec8db7b25da48697b236dc0
cc221cc4733b9941998443988
18220a7cb42dd0da9f0000000
d3f468ad44f2c66d98d15a000
f8700f62ff4e56cf907b10000
80c1eef169888b839060f7788
e78219712c0cb1c299e0865c4
4a9d0c90dcae52e5953a19200
83333873afa0fd45966670e60
6c6a443c6ff3b907935221e00
923a3e8846a8ecce98fa20000
58fe8a8cb06fb353954600000
fdc2319a2dc29536966800000
ddcd77703c5fbf369dc000000
0a5f18a7d181a646997c629c0
f76949264a92d3f2924980000
787bfc64c35a4738964000000
b8287de56aa82bf29f7940000
5f91f91678b591fa958000000
15e07d870ce337f29f61c0000
c3cb50020efba1e391e5a8010
82325edb03f7be29964bdb600
44a2af4607360a6d955e8c000
20e45465609676a6939151940
ccc035bb6d8d7bd0935bb0000
37e0d82885e2e38196fc1b050
4022daea412897ba9a8000000
ee057b77c529befb9b8000000
9bd6409c96cd8054909c00000
dbb0c27ee3ddc293913f00000
fd8fdab1060f8235956200000
00dceaeb06132d899b9d5d600
2990dce6fc71f8079c86e7300
ac452572262c42409ac452572
9db88e401e23b5549e4000000
0177fe2e89479908977fe2e00
fcd0bf45e3b918ce92fd14000
fc68c80afc68345f900000000
1c53219003ba5af5932000000
994a89edfe2b87ff980000000
a94216d1dc2f0dc695085b440
ff6a1edf5f60e3809ff6a1edf
02ed92cd4e03dedc9d0000000
652d9b1c12efaeac9d9b1c000
30b4268ca62481c795a134600
8dd012dfc7f55e879e8096f80
96f8b66bb767748192df16cd6
a1c4c55a3b4d48ce931568000
a529bbab900184f5975600000
62e1a680cdab37a0962e1a680
21e5e9d1baf17880921e5e9d1
1e2503d8876764ba960000000
24d2dbb1c12cea0a94b6ec400
fc371bc65e07e18996e378c00
ad82c9fc038eaeeb9164fe000
57742376470cac5c960000000
f0ee3a2dd9c6106d9c745a000
135d18280daeb758928000000
8dbdcef0b682d80b9ee778000
be297ffa3f0839c09be297ffa
5d93f690f95d47cf9fb480000
dfecf54af4d82ee297fb3d528
a66b976816fb426b95cbb4000
c11a8cd1f0f28e9e940000000
21744d14b35b3760921744d14
8b15c50b63c5cb48915c50b00
5ae8b07d741b2f7b9e8000000
f8e6e94f75d9fd309e94f0000
e25791d2161cf5f79e9000000
dcdf58a871fe34f498a800000
5ac58584f1d81cfa910000000
8e1106df0cf62cd99be000000
88102f19d271f46d905e32000
bef36dcdb7cfee989cd000000
cb6ce9a8d26416c99d9d35000
ba90d097d2bd56329425c0000
08b2c810add958df900000000
3def0bb65c07cb5f900000000
e407dc7e624a11a49407dc7e0
bf78a1c84c9ad5669de287200
54a1b18efed01c6494a1b18e0
187bfc7c45df604897bfc7c00
f3af34cd3df4a73e940000000
a224265dda73bc8f9132e8000
b2da99381ce631ba9e0000000
6d8c56c1bd0d99b0956c10000
93eb97ff54e364ec9b97ff000
5277d36ddeafc5919a6da0000
778d1696151ba3219ef1a2d2c
fbf35b2e358e228e9d6cb8000
10fbe5bd678450ef9f2de8000
0388a3c2eb0289dd940000000
d1d352357875ba229474d48d4
e99e1bb9221e2891937720000
09de70956eccfb889de709500
b2422224ec34df09984444800
030ba71378257647985d38980
2b3f57df51e5cd8e9d5f7c000
1625a7dc6834d95299f700000
d70fe014cac4db7f900000000
25f2bcce283cf23a938000000
06c0b771a7c8541f980000000
d7ef9842abb59978942000000
ccbd143f95aef574943f00000
0f9126fa317a61599f4000000
3eaf5f8240643c739fc100000
68ce560d816d70fe940000000
75887ee5eac5ef479c43f7280
1cd686f94deb66ec9686f9000
4cba67e01833fac9974cfc000
bcefc9bcd9e2950c9fc9bc000
e3e3d93cd883445893c000000
9d8e1224ff4023f7912000000
441ce14292d0db38942000000
e8776b61998ed9ea9ddad8400
66313c600d03f0889313c6000
1fd7c758611972259faf8eb00
c2257f4492c5e5949f4400000
98f713a39478e11b918000000
09cdb07cf1dca7dc9c0000000
586f29614fd35ee2961bca584
437a2a951f75cc479bd154a80
cdeec365eefe90c697bb0d940
3ac1290bb1fdf1909290b0000
45dd47a4aa7e5f20945dd47a4
6547959f473c7d2e9e567c000
1fbbb371a33e80a69eeecdc40
e690410745f8998d90820e000
49d6cf8fbf676cda93c000000
1bbf743b6d7ab28b9fba1d800
2324e58e31afe19392c700000
8abcdf9b1fb50c779cd800000
ba413af75c95b44e94ebdc000
5e34f6d68aace3d39b6b00000
3e4af4df87532c3e9c0000000
7344b53b3d6d589c9b0000000
bf54eecf19998708954eecf00
6a9f4121d4043a0993e824200
5f76fad9df826cc095f76fad9
c5619c921064b186958672480
bb5a1eea7b1402f99d4000000
a96d0d26d331fe4d9a1a4c000
5291b0beabd0f11795f000000
6b67be1b302601b59c3600000
efe8b26a5b99db1594d400000
ec63f13559057a9c950000000
ecadd75bb4898b4a9b75d6c00
5f60f59af9da7554959a00000
c1a453abf13183ee914eac000
a70c55b32a859c959b6600000
d3bc396a452440dd940000000
d518f952221f26ff900000000
b6b8d268d981d5c9971a4d000
ee9eaa056c69bd1d9a0000000
1e6073da49bf64639f3039ed0
0215f461fed0f20d9be8c2000
12410f7427864658974000000
533d4d74157ace6997a9ae800
44fcf596e750859c960000000
463e73fc4d5c5cf99f8000000
683a7c7f4ce4533f980000000
b1df6b0d4202875b968000000
a081fc4238f8fe9d940000000
5bb98546fb001e1f900000000
68525ea71ee14de99a4bd4e00
7f8df3241aca4da49f8df3240
e3e3352bf938a0009e3e3352b
03409e2b1dfe7b1d960000000
ad1132263dc2c75c960000000
3d8bd52de271c5719aa5a0000
6afa92620a37b10d9524c4000
3b160afa5de6c1a093b160afa
9b77220fb02cf65a93c000000
bc47c12896cb8d1b940000000
4ee1f72c6d9a4f4c91f72c000
65f39b330315ace99e7366600
081386186b21513d900000000
a60ced60f2322cd59ac000000
1b6749c2f8f7548d9e9384000
40960c334341a74992c186600
47d1ab779f8d63b395bb80000
d33584ff5e8e2be09d33584ff
99f9e9bbb2a77b329a6ec0000
b4b767510f56fa6f9b3a88000
0f92a3fb7e339f2c92a3fb000
69ac2db2d6fe59159b6400000
acbd664d14182df999a000000
08dabff2cfccc8029236affc8
3156e1b47c8d056c96e1b4000
3c45317b2eb8da7a9ec000000
e7a0c6bebeae230393d0635f0
93c4b67296e693ed996ce4000
598be8d15089df859317d1a20
5233578aa312713295e280000
02c8612e14232903916430970
edceff38de8da7929fce00000
126ec3faa2c8f9b09c3fa0000
131bfda1f3071d8c9bfda1000
7e98585db148a5d895d000000
8b8c4d8e4ce27ca292e313638
2a89aa0cde8fc41f900000000
4eed55cb92332299996000000
1ab516d5224ae29796a800000
606e40bcc265997692f000000
716ba2e5caf4af5b928000000
1f006d784cd8ed8d90daf0000
8ac7f615e306b7239563fb0a8
d53ac433f530bfe19aa758866
c85f70aebf4399b692b800000
6a37a202ddf7e52c97a202000
6830258a13d7dca19d0604b14
1b58bf6230b0ff3a988000000
68791f7940a736599f2000000
9bf081376a6ed2c39df8409b8
b1f1e29af1c3f72398f8f14d0
be8017e12a59d6969f8400000
7fdd3dc3be7661a39fee9ee18
5853ea2fe74ab1ca94fa8bc00
cbe1c1ef7b4bf4f390f780000
f076b26e32d47fda9b8000000
70ddf930daed2ccb9efc98000
42e773dd01b0ec5d9a0000000
3929d43c8e23e6cb94ea1e000
24366be8dca809f69fa000000
c700cae6ead14fb292b980000
0735ec038c4886d3960180000
2efc71534c1021f29c54c0000
68e51db4a2d590539eda00000
3b60fd062287ea319fa0c0000
7dcb516a3523288097dcb516a
e2a56522bcd13a98922000000
a9da8aa29e9f7dc79ed455100
74b06cf150d2597e940000000
f8308f10bdc8c0889308f1000
030c323e0aad651997c000000
7289ead500dfd7269a27ab540
9784fd662e62e4dd9c0000000
a10a9b377ccc06f5966e00000
013ea8571367c584913ea8570
115b66394e476021922b6cc72
10d5cb6f0ff426179b7800000
f483974c3aa3c2ad972e98000
4c6dfca0bfbeb495994000000
52f0ed75220dc19c950000000
1e7123d4fb1efff597a800000
14a3c6c08d95a9f291b000000
0f5cfce1449fb95b908000000
9036707218ace2fe980000000
495270136bb2b7c69549c04c0
a6372e052ca38bb59c0a00000
e80649dffad535819d00c93be
1378e05d2a122a6596f1c0ba0
63b3ccacdc27cab9958000000
49bada5b1db5adc394dd6d2d8
0ac8720471b18154920400000
4ec012c8c5f0bfca9004b2000
f245af5482306985948b5ea80
0296b86a97ff4af7935000000
befc719d875b89c59df8e33a0
e30d7b58c0c55f3097b580000
739fa26a18eaa191944d40000
9989dcd7badf448d93b9ae000
2d940627c8a0775a99c000000
651d33f9fdc105f1967f20000
b8289072ea78003e980000000
914ef48e1e8edc8b977a47000
0e4ab9d95066e0509b9d90000
c792de35c80ea3e198f25bc6a
da58bd7b95c0ea329f5ec0000
1032d4bb30ffc84e9b52ec000
b66fc79360bc589291e4c0000
aa4cd1f21d55e023952668f90
7b58dfc8ca22c2f09dfc80000
be445ec77e1eea439f222f638
1ade805e889dbdd99bc000000
fb1e9f875c5d6a45963d3f0e0
26a7bb893639b40e9eee24000
55c2b488dae653d39a4400000
38f26b50f691025096b500000
7879e5a67a05adc590f3cb4c0
d8e49eb8f239bccb924f5c000
7e957e5ebd820e56997800000
81a0eb5b900e58a0981a0eb5b
91b0f3833b5467729ce0c0000
a06e773327156ea4906e77330
ddbef6fde943073e940000000
6416a253baff550096416a253
4e16298854b8ab9d900000000
1783954c39ecb2179a6000000
c758dd821d8e875e980000000
d649f4e69d2fcafc960000000
13d87438b664eb7690e000000
db98770910abafb9912000000
4c6b9c795220b542931ae71e4
221e123c8e85fb99978000000
4c28c64900c4fb21998518c92
758fc07581ef02399ea000000
7822d3a8367e685d900000000
e9a8c2a4886f03029a6a30a90
b55dd8af795dcfb2962bc0000
6e8e4df58abbf6f79fa800000
7d2e53b7505e63c29f4b94edc
1c6ad0eca5771deb956876000
00a1a0b1c501c5d9962000000
eb95a0e7ea55ebac95a0e7000
4d50d41342b6a5cf96a098000
2da5e056dc84569792b000000
5a06ff2ab4b0c82095a06ff2a
a2ae58042e96057e900000000
4395f311ca763caa957cc4400
d5ae9cac08ae34a19ab5d3958
673c01d123e2e62c9c01d1000
c2cf8c381d260ec290b3e30e0
06beed3255887bbf900000000
d810ba596f016798959000000
98ee3fc66f579bdb930000000
b472b697bd1480c29d1cada5c
88a19b771806acb69ddc00000
726f1914be19e7e594de32280
7ef17729e32eb8b9952000000
35cfe08740d4875b938000000
3d9a953fbe16b4f694fc00000
d1b370f1028efab591e200000
f86a73efa6b4fc979f7800000
9ed5a14272f625c89d5a14200
b52f2e0d3dd88b0995e5c1a00
ec06dde231612ced9dbbc4000
f5d2c007b0afda3990e000000
a787a0c54de55b0f9d0628000
f809aeae1153ed9995c000000
46fc18e380d4fdb1931c60000
a2c30a4dbca850459586149a0
ad8b252de0a0bcb09252d0000
892f6e0768f06cc5925edc0e0
afc45c511b825eaa911714400
839e2e1e60be14959c3c00000
f799443c03ca7cff900000000
f952a8fd68d3bce39ca9547e8
8ac6bd0687cd848f95e830000
e345c3c1a59f58ff980000000
58a07aa4f7eeb1f69a9000000
d1086896def497439884344b0
28c291b2123ddfb0991b20000
7ab98c20ceb2f0af9c6100000
65858b80df3dfda392c2c5c00
986cdc176890a3a79366e0b80
34c1795d40f2b7909795d0000
b24abfcd615056d197f9a0000
b779d27c5c1e0bb19a4f80000
7f676963151c6f829fd9da58c
3971e8d44360b9b29a3500000
c26ec8271a3db097913800000
d24caca1d07f27b29b2840000
9a54ee40f251f23c900000000
ecd57838b5ffa6b19f0700000
15bcece8b0820bc2956f3b3a0
17580e4287e75d6c980e42000
64a93b08c597dcce94ec20000
cd330ad255bc1d9b990000000
503618d443c83ef498d400000
9c9a4260bb60a9bb900000000
9b1ea5be27a8f37997c000000
4f48cdaf18ae628293d2336bc
84d87bda1261ca0d90f7b4000
826176cc3d8b6944926176cc0
9fa9fc0fc068655d9e0000000
e8dd45cad4f73bd495ca00000
7beb7a125dedb40f9bd090000
3d40512fca09a0459a80a25e0
744430376353ed5791b800000
34a97636c1963c929d8d80000
803354850a2f041a914000000
3a44ab07e578c2949b0700000
109c17cc1feb8fc794e0be600
95b5a125dc5c4360995b5a125
0a761976d52e6aed9c32ec000
8e6553f97a41630098e6553f9
84a06b7cad8a02f096b7c0000
6b7f5148fc5f0cb8948000000
1c84e8e37505d72091c84e8e3
ce54a3e4140a18dc940000000
3f138aa384070e369a8c00000
6615e781cef9d02d9bcf02000
6aa06562d478bcd8962000000
6b07730df9b15875961a00000
6e5a65954c1f16299b4cb2a00
ca8312b9bc620d9795c800000
1f7d4615f0af07959c2a00000
5bd6add6d1dfd3589d6000000
513647f95ad6fea3989b23fc8
b0dbdcaddb19d5b5995a00000
e61b2fccb26c676d965f98000
6bc540edb7b633e49bc540ed0
702f7a10df6fc7809702f7a10
422e2166b5b07efd9c0000000
79d20bc2b51cdd3395e100000
2f0ab9a9071c9879952000000
b496833b5122f3a29d25a0cec
79c1b4fb49014c2a906d3ec00
dee0ff4b31c74fdd960000000
8e146780c50bcd2698519e000
0543241c1bb1f308943241c00
c5ea3d586ab4ef699d47ab000
7b2d7771fe287d9e940000000
b9603c30e97dfab7918000000
2ea6d8cd4c97533b968000000
eda9cc24ae6a5bea9a7309000
7d03cd88d317a9d6962000000
9d5b8f8051befeed971f00000
96616fb38337ccf89b3000000
b50fce273c787d959c4e00000
98c893ded58dfbf493de00000
045671560aa269399ac000000
9c829173eefff77592e600000
e264704af27ca7eb923825000
f2f3d3eff4e73dc09f2f3d3ef
a8969c99f3e9c97e940000000
7279e6b25825a79496b200000
c34595b3d9e5813d960000000
c891103d4f57c90c91103d000
009cbeda032537cc9cbeda000
81adff0cd9976100981adff0c
885df53fc2ed52ad9bea7e000
75a3b663842736e495a3b6630
58c2d2206a8c9e96988000000
2e162ede22fe94c3970b176f0
c6ecd2fd3c08dd209c6ecd2fd
4e1621f5fffd8ffd9a0000000
0ecff21aea5000869b3fc8680
051c089b14fc61fb9d8000000
b509c187543e54979c3800000
03a2af4a6b96dc579a5000000
be2f04e3b509bd7b918000000
a145fc27a35a6de49145fc270
ba8a4579f709adcf922bc8000
d9bb1a2ad2b61ad091a2a0000
95db7d36b985413a9d8000000
7b8f30a08ecd7acb979850000
62db4db7b58acffc970000000
5062c8de4db432ba978000000
4b1af3328537851d940000000
e79dce5f42769eda97c000000
36b4cf27fbf748829dad33c9c
e9f732fdc78d8b4c9732fd000
7279bd26c122c39197a4c0000
03c24323ac92fcc493c243230
b764827ded488e229dd9209f4
b5a874f9ec8dbdc79d43a7c80
fe27fef4123ac6349ef400000
15299b3df491737c9d0000000
a306e415c127d5cc96e415000
f63b511fb07973fe9c0000000
c3d743de85e634979ef000000
f78a7c333e8cb5a29de29f0cc
1f54bee96563a76d997dd2000
3758c6f640b77e2e931bd8000
ae309fc3f0b4b7bc930000000
1f98b2823f72a24c98b282000
0459004e8d3b6daa964013800
f1afe8f9cfe4d3bc990000000
c13820b34b4576ff980000000
b73fa550921349ed9f4aa0000
65369d78be43ef6996d3af000
7d0a2bf2c366d8329afc80000
44b001d23c6602bd940000000
7278584565bb7eb4984500000
2831a3a7e4c8e7dc970000000
fd27db7d345167a29f49f6df4
bd1d1a5c63cbc42197a3a34b8
634fe22357a9b12391a7f1118
a6651b28aeedd1299ca365000
2cc57d84553df6e092cc57d84
0800fe3e989a008b907f1f000
9f0516ea50aa83dd940000000
47d3334fbb4dd9379a7800000
4945ed6dd10211ed9bdada000
6647391983da48f0939190000
fed3912a1c7e83629fb4e44a8
f7e3d030904fac4b91e818000
c84d41e5698864e7926a0f280
8ca540d67dcda77c960000000
d8ce32f13a35f4d595e200000
4e15edcbd38de35396e580000
eba3650eb6eee04e9d9438000
c3a665762d2971d695d800000
49c8c8f7833152109c8f70000
c465e8467f9cfceb92f423000
6fdd9995121947c096fdd9995
3e64561d102865509561d0000
5f3ca14c9e8741c59e7942980
64032881dabba238981000000
1fb964b9c3dda6e193f72c972
ea8dbf24ba7215c7946df9200
9a98c226f9bb18bd9c0000000
a9a5d8ba8240c8809a9a5d8ba
06fdeb9c10be5aad9bd738000
1defd9f1ec5a0b709d9f10000
9c7a65447f9c5d5392a200000
9f4d9d3c713398e49f4d9d3c0
dbef126da0ba26879f7893680
4f7f8db7901de2789b7000000
3769fec763e65cb89c7000000
5b3adfb5210bc73e940000000
fa974dd02f57dd9e900000000
ec91a10d7bdbe8bf980000000
0c02198d57841a339cc680000
b1758491482026f6924400000
8f82e2aae6b913b3915500000
fe3b9157c3bca02a9ee455c00
9699e17d7f32d29a9f4000000
8775496f045be1fe9c0000000
b32a4d24cf4bb5c7995269200
705403e80c1da18590a807d00
80d4109a0d4ad36b9a084d000
e112452b678f193c9b0000000
59c06ea37190c2d9946000000
590201bef8834ec6940806f80
4012218dad8afa5898d000000
662ce612cf013013930900000
e10e304be1a5b7729c12c0000
1bb56167694cc05592ce00000
74485d69d630e3199d2000000
90e237904845bca99c46f2000
2312d8fafd62274f96c7d0000
5dafead80aef613b9c0000000
a90c94f8fd7a44a79864a7c00
6732367d40d88a059e646cfa0
fae11c7238180f869b8471c80
e8908bcf6ea3f36f945e78000
d3ec740ea50b03b5981c00000
3979f3c3ac2b7f969f0c00000
210ef9a9904212319f3520000
2c9d2d5bb4e432db9d8000000
d6a9b52b7be085f7995800000
064b71bfd40fc25696fc00000
a5fc54742c393d7c940000000
e743758cd77219b09758c0000
9e9ce7a3e2082dad99cf46000
246e7c9c80da12a2991b9f270
c9589e90aa11c5ad913d20000
d850e437746d8c67928721b80
6e4b9c3de670f37997a000000
9501fc84556479ef9fe420000
bbb62a502a648bf29a9400000
1485329cd29f868b92994e000
39a316eeeb8415b7977000000
65ac8342b6f3ea78942000000
8091eade0d8cd0729ab780000
7f045c675314c9329719c0000
fa34b8daa675f4989da000000
5a93ec1132e3aa0c93ec11000
9642a930c5cfd75f900000000
9000aceb921fe13e9c0000000
4146f6c4d67a6f77962000000
499972427cffc42394ccb9210
2217078d921bb1619442e0f1a
b18c7605b2b168919ec0a0000
ad97840899a8b5c992f081000
1a55e93b2b8b8b8792af49d80
e1d988bcd70c9a8491d988bc0
88ec5c17a894453b9b8000000
ad5168be50564c4e95a2f8000
5b571cf5fc5206ab9b8e7a800
b7306ba4086f34ef935d20000
c1ba47338541049b998000000
25f0aa4bded651459be154960
e1877a5a9379ecfa968000000
e7b43c7eb3e0d82f91e3f0000
d071ceed1f47541f980000000
a4dab0b1f314af1b988000000
5470bb0dce6a63f39d8680000
0d85ac78da8a3cb598f000000
1619853ecaebc37b9f0000000
d95d6f8f852fb2de9c0000000
93413ec71ec637f197d8e0000
e7d9c99f039b12a69f67267c0
fad21e5491afb8bc940000000
05041977adf8832c941977000
12f5437d48b0a0169df400000
00fb82dc2d16be589dc000000
075ae819b7e3ac5790c800000
638aac2ced90fb7b960000000
d1a8c5a76adc30fe9c0000000
c2e9ef01442bd3fd920000000
9c40b9beec2df5dc9e0000000
b52c104f77786f9d9e0000000
e183acb2852a10c19c3075964
dcda4ae85928e5e19b9b495d0
194b4d768230f34c9b4d76000
a43eb3de233096bb9f0000000
4fad99174076fa16945c00000
465d1d48939b9d2e947520000
5df5bb0e537b8b15961c00000
1f8c247dbd1b45e091f8c247d
c1af6bbcfd4709a491af6bbc0
19e481327db886b4913200000
0998cb6fda2fb86d9196de000
368407636fd59308984076300
8da9a9e9a558cf9593d200000
8ab4d6a1a0aac56a9d35a8400
7441b92ac946d319954000000
a4fcd26ec5e2000f969370000
4ef71cb503b1bf889f71cb500
e17bf1c424be4199988000000
95b7f5bbfae937d59b7600000
e10a5b7810f3556f92dbc0000
94912b2afa7b15369ca800000
d5ef2a20db0aba53951000000
abe096005d6ef3a89e0960000
f86922f9e970a931945f20000
50f1d09632d8c8109d0960000
02b426e2f3dfb8b3937100000
115d8bda2adf355f900000000
85bf9425bd8fa770994250000
0d5b72f22c352c1c920000000
c87a8853160dd430988530000
f2057721f0565d039902bb908
ebe4ee83432412bf980000000
06637fc3f444cec0906637fc3
30ed306f2ad393ef998378000
7e12ed9e35d2958d95db3c000
29c2dfff18b0789f980000000
2184762858d70e28984762800
83db7a836bd0acc391edbd418
01b571c9477dd676972400000
1f2f76b91263680b97bb5c800
9514f8a2a50c48529e2880000
509fd0d05de16712943400000
fbd1fd61b9e7ffc597a3fac20
dfcb649dbc432ea09dfcb649d
7ee5b3ae245589969eb800000
97f1a87f30dbad1c9f0000000
2d9dcfca717d6d3b950000000
90589a74b0d9ecb2969d00000
4c6364dcb7ca1633926e00000
b31edc4fe852224e9b713c000
393614465244148c961446000
fcfb58d6687c8c1d9c0000000
60e533ea0a9c6b2c9533ea000
fad9bac668cd6d5998c000000
ea7d1917af633d0d9a322e000
0422a52ef6e1ddfd9c0000000
e6550bd9fdbf26ed9a17b2000
cd145fc5a1676323968a2fe28
f5f0dae5409d83a29d7c36b94
8d91e73046576439960000000
1968f054b6576361932d1e0a8
5841a7c29fe99fba908000000
63f625a7264ae2c493f625a70
240a2c92c4e77f7e980000000
dc2e41904700684c9e4190000
e4fc2595041d63c693f096540
1201841beef38c109841b0000
c53eb39991740e769e6400000
0c1c1224bcd19515944800000
4f5e0d3abac326449f5e0d3a0
995e639e7ebb6715973c00000
9ff96fdd4beca63096fdd0000
59779ea7df7b1337953800000
ce173ad1bbc5f6c09ce173ad1
0c0be71d61ce4554971d00000
7fa63d93fab4ae4f91ec98000
84cef0f1f81b3c46933bc3c40
a54f2b5ae3db82da968000000
c2ea83d1c577ccd79e8800000
507ae82f026348b5905e00000
1da4a3fe1f54010a9928ff800
025ce446dd95e2c2909739118
67b379fa180390999f4000000
219df6dcebe299d19edb80000
42506dd364b5712594a0dba60
63079de1e6c1b53d920000000
484ba806787d46609484ba806
b1112fc3d9f0cf6798897e180
e87b6f148f89a13798a000000
ca7188cd28ed6b789cd000000
3a468dbd69603dcb9346de800
44127c9380ebb5d9926000000
e09882d9c9a51b2a9620b6400
bd9210670bff87729419c0000
aa343a0ae7d56375941400000
c606aa1e8eadf49d9c0000000
19f49b41eb73195f980000000
67a70d3fa20fb1d997e000000
720b94c77babe0c6982e531c0
b9571855d0eb66a6955c61540
a580df5af184308c90df5a000
0d53d692ebf455939b4900000
a05717d4c009250895717d400
eca059217f9adf0d90b242000
7ffe8676eb0c2594967600000
89585774eaeb0902925615dd0
bc4ae6478f14cf1d9e0000000
c7c27eb650fcd6bb9b0000000
d654d47a34b0f68792a6a3d00
d66015ad0580354b900ad6800
739f74ab82993595995600000
82ed295b4c0aeca99da52b600
416a1b4340f2fd5d960000000
36d88faa4e05674b9c47d5000
0524aa952d73e7119552a0000
febcbd8f20656af991e000000
e34fb3235ef316c894fb32300
fefe2cfa7f503d269bf8b3e80
d83ff340dc19795d900000000
bac85b97ca4bdf579cb800000
6d9fe924c59075a19db3fd248
72a813366f45f4ba9d8000000
8f96344f76d71d3894f000000
887e65f93d3213c09887e65f9
9c6acb00c4a24353958000000
4197504ea13d74c79cba82700
aaf9fe06c303d223957cff030
b3e497020376aa769c0800000
e1820783320c2f8f903c18000
eeeb2ec7f1d0f7019ddd65d8e
2b0f6dd30b99fbce9db74c000
1020e931921a5e77998800000
53dfece9ea9c55b09ece90000
d98ecd79217c32f396bc80000
186e7872a60a6e4590dcf0e40
c63e664480d6347f900000000
a0b52012971c1ad2980480000
797ebaf09112e80f95d780000
a6a849cdf696a14a9a1273400
a1f5af95fa1981a2987d6be54
6fc634a3e5b7da079e31a5180
b1c7ed173d12ddf798b800000
edc887a1bb75608697221e840
861a6dbb5e50034c9a6dbb000
111a3abb3a27baf69aec00000
7911e51eedb5d2419f223ca3c
e058e44c4a50b8b3922600000
41068ea166939d63908347508
e766c0e2fbe95e309c0e20000
e20a9487b1c6e17990e000000
5433b702889bcb77981000000
2300edc9fb25ba0798076e480
0f09a5fa7ba06aa293c2697e8
0e6a62c15674ada7935316080
096a7ac2eb268fd097ac20000
40be632718d1f7ca9f98c9c00
c9c3724921c0644e9dc924000
b2dbb796bee79b539bcb00000
817a91c872b9b3df900000000
7d3d0535aeb15b659a7a0a6a0
b157613e8591cd6d9ec27c000
d815dcff8f1ce8239c0aee7f8
5846eebd4c03446998ddd7a00
0222e86ee8dbeafd9c0000000
bbd3af6ff596d0279e9d7b780
fdcbec5b197af53e9c0000000
0fa3ac4b5b8cd0069e8eb12c0
ab9afe26cff084f8926000000
905db43d0efcd6909b43d0000
70f3fda77075928d97fb4e000
38ba3a000c9ecfc795d1d0000
2539848dfac632b3924680000
3c824f544aa46bbd980000000
d3976e722449b7ab9bb739000
4619c7e61fa244c198c338fcc
8528ff6f3cfa610e93fdbc000
eb486206683e58de980000000
9d6e6ba5d10d938d9cd74a000
ad0a21b9f38554e3968510dc8
d3612b59668c88a69d84ad640
f962aee73fa8a0ac92aee7000
eded869122e2a7359d2200000
481a7ce6e6bb24f19f9cc0000
f073d36918e942169da400000
f18ddaaa1a7d553c9a0000000
693fefe6a4ceb4f79f3000000
8a1768b2bad833249a1768b20
044617d405b25f609044617d4
9dec5329e700f8ab962994800
c8d5ce62877410a99ab9cc400
fa04865a7b90ff099090cb400
4e7dbb975227eebe9c0000000
57c76bc5f3543ffe940000000
7bb31b5357e19a6b998da9800
b567d12fddeac79a9bc000000
a5493ed14132300b949f68800
6bac80f2d655a87d940000000
692d0175a2b0f33d9a0000000
b1595e487a42beac995e48000
325196229cd1d5f4962200000
96daff3bbe849eb893b000000
4ed8b13b93e0c1b694ec00000
05bfb63945588c8190b7f6c72
fc6f21260faad36b979093000
bce9d885d1519db8985000000
478b6f4a46bf476f9b7a50000
d4a734e4de0d3a619a94e69c8
394cb7bba4da025f980000000
11880c739e346a619231018e6
af45c75d5cdae5059e8b8eba0
37c8b63fd6584d429df22d8fc
5c2dd77607c9c5919aeec0000
3e5cc13ded4e01ab9e609e800
e3b69a523606633099a520000
8cc44bf13b8580a693112fc40
b726e8952cf6ec7c950000000
41163fcd6da6684290458ff34
778ec6caf9f924f496ca00000
787cbd6c308bfe099f97ad800
c6da85a7adcc0f8f942d38000
01029c90b2496b4c929c90000
5841db5577f6e69e940000000
eecb14e3ef1efb16938c00000
83fccdc77b72b2279fe66e380
53073eefa6e797929fbbc0000
f662186efd7fe372961b80000
e80edcd446410f429a03b7350
f6765b37165fb6369cdc00000
39de8dcd8aedb1289de8dcd00
b926974c953d4beb934ba6000
e6bef3bf10c3ce3a9fc000000
2aec5b20ff09caa29abb16c80
15ebb997c4f9743e9c0000000
f50060cb7c9bfb009f50060cb
f94723b674b8e41f900000000
91b42d64eed5618f916b20000
e57af1a7ca95e97d9e0000000
4a22e84e8b679c7d9c0000000
67634f2b330388359e5600000
223c105b2ebb98619447820b6
28217d448a72b1ce95f510000
833e3d33c869aecf91e998000
b4335aba714251a9966b57400
12e1ebd08d90aab19d7a00000
9275089c59ba2a1a970000000
05b6d8d1ccf2cd2e9b6344000
1e490406a8e6cdde980000000
8e797738f5af22d69ce000000
f5a954b8444a234696a552e00
152fed8318236967997f6c180
a9c3c4a54e2131f3925280000
5f19ba31d200da3698c400000
7d1b37391dfd21729dce40000
6eba11036ace35d4910300000
adaaf8ea399327719f1d40000
c2e7bff88f63248595cf7ff00
d45a214acec2aab1942940000
4ee134300159b095986000000
36b81be980451b4b9c0df4800
18a916086cf4563192c100000
2d6dfadf402d05e79b6fd6f80
b4c32e4e9a586c839a6197270
82d34f48fe75f29a920000000
d9044d57016a0c1e9c0000000
824bf589fe686839912000000
d0072f1b6349ff3b9d8000000
43242474a21916839192123a0
7e57db9dace1ce429f95f6e74
236c735049c06e669db1cd400
b393e56fb9a4b8ce9f95bc000
86269da1b9f1189f980000000
d7fd1677b49ef9e59ffa2cee0
154938c17133dfcb949c60800
21cca03b532bc4bb9d8000000
b8d3244f94e56c61971a6489e
c092a14b000fddfc9b0000000
19efaf4870064ffe900000000
f812c190570e1da49812c1900
5a0d555dfc6a4f709555d0000
28fdcc6bb7763b6c9dcc6b000
424c7ef8a18cee6e91fbe0000
fc341b3ae85f4bc791a0d9d00
383e8137c58b7e0f9409b8000
4ee99c3b744c62239774ce1d8
4f75b386508571079bad9c300
373327ad33e77a9b968000000
db26e89bfe57bc7794d800000
7f3b6cd37938453e9c0000000
0b6c10edc1a0d5799da000000
b978e6148287e3d2998500000
356158e573eb6c5f980000000
2bcaa244f79a6f89995448800
fb02bbd0d3df6d7f900000000
15be2e88c64440169a2000000
8aea559b9e439779936000000
99a260c30383c80193344c186
8a062faa19875ad89aa000000
f07358fbd70aea1e9c0000000
f107120b8020d8049107120b0
91d4353b287f3daa950d4ec00
18a4c6d2b082fa9198da40000
08f7c511a63d75ad9f8a22000
cf8ffc6af68f15269e3ff1a80
80e651e48a5e49ac9651e4000
54aca15bc2d0614d9942b6000
52860411a6b172bf980000000
b1f37309e538825f980000000
4cdb0c237caacafa98c000000
c509318fb06b98849509318f0
69fac6829b400f57941000000
128bbea8a12fb9be900000000
5d4cc52327db504894cc52300
c537c9741044008198a6f92e8
db15f510fbe408e69c57d4400
af0356703cde21db980000000
4d0f84f63976417599ec00000
121e19dc1626881b9e0000000
76fd61dab8fae6319c3b40000
102e32c28aaffd05905c65840
51d1de67601034ab98ef33800
d99468f48dcea9fe900000000
a4583a126766150c983a12000
aff098e36c75c270998e30000
66373280d8c19d35950000000
ac33e53087469aaa9cf94c000
dab10126238fcd9d9c0000000
d7c2fae5697964409d7c2fae5
222a03405e35b8c9954068000
65e9c4c689cab22a9a7131800
384ee089f897190f970448000
92167f90bcdf8903990b3fc80
1944c0b2cce0c385928981640
9f9bfd506d64816c9bfd50000
af58986ba87301f99d6000000
75b5e143ab1771319c2860000
fe7ff40a15fbe0fa928000000
2233838eb860348e9e0e38000
e3a392787ca2b3809e3a39278
aeada73dd05d9bc49eada73d0
234e3437900a13079a71a1b80
45d02d273c67d09c970000000
fc0528b9a6fe67d5917200000
278c3a32383f14fe980000000
bde25d679bd6b24197bc4bace
a1621ab36095c2949ab300000
6c018344331ecda7900c1a200
50960119a8af89ee980464000
412a12bc3e871d22904a84af0
f3dbb9c0e74175ea96ee70000
41483cb3b61ee1e5929079660
23acadee706902e597595bdc0
1da00b45bb259a4091da00b45
a2162df1c1aed70492162df10
ff8cd9d09d4321df900000000
a0043e8d0712cc4f91f468000
36f47db0eba16bdc900000000
d8b76e1c385b677f900000000
d28af02bc4a2f63f980000000
388a06addef8a9b3935680000
02973ff58ed9eac0902973ff5
92a98eed65e1c0d3977680000
1d4800426ee85fad900084000
3f7d18c51af2258093f7d18c5
47e2e05fbfd700099c5c0be00
1e828497c2c6963794b800000
fea9e760a615f03e900000000
f8765373e24269ae994dcc000
159feb627616936a97fad8800
f7bef8bb6c4782109f8bb0000
760ee3e3eb29cc5391f180000
5f8d06605614c5279c6833000
5ad375a18de29af19eb420000
795e6a3e14d5b97e980000000
f22abda6e95081fd9c0000000
f6ff087820eda8c496ff08780
ce7f3a20e63869ff900000000
b3d6bc349697ad2f95e1a0000
0454ac715c070697938800000
e488dc5755daafce93715c000
ca3e3dfad8e5b79c9a0000000
1bd418e91253d6aa95063a400
82a0a9e1efece79d920000000
80fc39fd83b2b0ff980000000
228d01e8d9dca7eb9680f4000
e97b53c0e4e61e5294f000000
95c5e4a2743622189a2000000
598047fd5ad3b3419b3008ffa
4db666a4477c03c59b6ccd480
6268c0e204ad310096268c0e2
ab4123390b6a8a9c990000000
93e83c09271e714294fa0f024
2e2b5bf20b9a16b39df900000
833a9342825055a1906752684
fced8a99ab48f13292a640000
f80137019f33252f99b808000
a61e618340c2052299879860c
105c2a37d8ca3323982e151b8
c72f89fd74f7656c9f89fd000
5f6b364adbd2dc96992800000
8dee981d7454fc0b974c0e800
e1966fad35aa42569eb400000
4e0688901e79c877948000000
e5e35e29ce195d8e9d78a4000
16ad81a02ff5cbb6968000000
7763891c5ad1c1439bb1c48e0
6e731f3cfd79b3cd963e78000
cc8032a179ede8da984000000
3467da85b13758f296a140000
398dbac2491b3e4f9dd610000
83fda57a38b0f66597fb4af40
c47e4ef909c728df980000000
ecda68a43cbb56f9948000000
1956342629b48040919563426
bade77356a2515d29dcd40000
71c600c5d938356f900628000
9420019fd1f2f7719033e0000
695e48b9d485e3a4995e48b90
d297aa4299b156bf900000000
825c33025cbc71bc920000000
59c60d205217b78e983480000
29a551243ffe2db0951240000
09ad302795c255d29c09c0000
2be48d777a29ebcf946bb8000
6d08d099783710829b4234264
186b4c56ed9a7851998ac0000
b82e281934bad5f9932000000
7cc9098d616b929f980000000
bcfe90500aad13aa9fa414000
51b532728fe9ccad9a64e4000
82a242793a7755e89a2427900
e464276681980fd194ecc0000
ee44543c099e2806991150f00
a45ec59b9cba8ff392cd80000
ca474402d030dc819948e8804
8c9bfde4598e5f149de400000
ef441842ed33fade980000000
237701042eab7d3b920000000
497d371ea84322709371e0000
e4176bcf240d3fb49bcf00000
6dfe839468764770983940000
5a76380568cae60699d8e0140
356d6fac89f2084896d6fac00
8cabd2af8c70d75a9bc000000
0ebbd0f5340eaf999ea000000
35d6f90a34e2279f900000000
a9fa3bdc2eb9032593f477b80
5490fd3220bfc0b7999000000
0847e618a4b07cdd900000000
4e8e329db496686e98ca74000
4590a2059fb17054920500000
6477817559410734917500000
5012fb772f88c45d9e0000000
547e13f9eacb6a2c9e13f9000
48574089b4725be6915d02240
940cbc22ed8727879065e1100
c4ea413c4539f5e89ea413c00
994e0e144f831d9b9a0000000
e8a8c6411f304f8a9a3190400
e0594b3d5418fa3292cf40000
189614e6f25cecbf900000000
063322ac3b947b51945580000
47d625f2d42360b99e4000000
16aac978d777deb1992f00000
e942d09c6f0c61da970000000
1ee133e27b5956969f8800000
4b79f6cac29af8d7965000000
a61e256d2343976790f12b680
66669a6941618a889669a6900
1badf0ff583be393987f80000
3402bec1b6df48cd957d82000
6639db1f5bcd968e976c7c000
54ca7a01b1742fee99e804000
0012484d2bd3fc5999a000000
e15cedd35d963d3d960000000
c4ffee29df9a7d0599ffdc520
79ca7789fbcf78ad94ef12000
ea5ceac3dea747da90c000000
ab45f1d45c06de6e97c750000
6619c532dd7360bf900000000
815b362658af6e9994c000000
475543bc6ca5946895543bc00
72ada445642acfc995b488a00
6282dfd1254fb45b988000000
4688e1ba5d593bef970dd0000
b1c6501009701c8b932808000
53c87e67046286419a790fcce
d61b1550a395ef9b980000000
f8b3be9d22e3f15c9d0000000
d94ea384a1b8ef679a751c200
467836c1812a7c7f980000000
8d90ca260ace6057913000000
b4efc02665636cfb930000000
13fa6d2ca50555089fa6d2c00
a11fbf647e7b0ef29fd900000
4bd93ba7a5a9ff9093ba70000
1c16a53c7a22e46e9a94f0000
876b85917c82a4ff980000000
ddbf4c5878b7ff689bf4c5800
646b8171a2d0260c9b8171000
5ee3d3e22abda0d294f880000
28a462e0d32c5fa0928a462e0
cd5cb1be70b359b09b1be0000
5a740f00535dc93a900000000
b89e76baf29c964e99dae8000
e8e42be9221f97e09e8e42be9
472486951f7657ea9921a5400
7a2d2bceb4b686c791695e700
7197332f0ae962f7997800000
279c68b989587f04979c68b90
0e1bea55393249aa96fa95400
c2d9bdf063cf95579f8000000
6897ab14809d6db1956280000
9633266b1b1438ec93266b000
26421ee040a4c9ca9087b8000
78494a055f39fbc89494a0500
5d34b0a4785d1a109b0a40000
fe3d2938fbc22daf9949c0000
3f95818761995d049f9581870
09a52befaf50dec994a57de00
e5190d688552009d900000000
9ddc8e200459d4859bb91c400
13b6258b066ab99d960000000
cb87c2cb8d59aee49b87c2cb0
77343f75348de8599ea000000
0041de8b45c41e7c9b0000000
1199b3e0f581de3a980000000
b80d52cd9bf848d294b340000
5df61bc66cff704f90de30000
edb4bc50d84517529f1400000
17e3be79661466129f9e40000
adbff9762f4eeb7c960000000
8d627cf5df435e2d94f9ea000
bcfd9fc3e252616e967f0c000
b7995ed555c1789c950000000
05ed571c636510099daae3800
2cb531323733c39c920000000
0e3fd45676ccb9139a2b00000
3fbc137fe9b9168997826fe00
795b33c119f51bba904000000
ee8aa7ac86f21a5e900000000
39cedcf6cedeb11a9d8000000
48109d57cccba16c909d57000
077a0b0c9f3ffc5a930000000
77c3e4356c12c24d97c86a000
bf6337a68821f6e99c66f4c00
ef22ea3a341e36b893a000000
dfc08ff5e38f2ab49ff500000
2404401160b0bed2900440000
d5c2e5eb099e6d179f5800000
1e84e52830a5670091e84e528
6bafb340465c0dbc900000000
02d790f2871699a99af21e400
a747d70615deee6299d1f5c18
034d86941015298f9c34a0000
28d58cbd5a27dbca95632f400
cea2dd7f67148b49945bafe00
dfbd15da6be7c87c9a0000000
5b89cff11ac716049b89cff10
2dd7dea87caf8d5a9a0000000
5b5609890b222ab79c4800000
ae803a5b815a003b9d8000000
1a629d1e89f0e1689629d1e00
a84d17ec67ccf4e09a84d17ec
7bfe139c582d279c9c0000000
0da6a04b097334709a04b0000
90a350ad58b4cc429428d42b4
9d9d86336f012bf59c6600000
c856b201df3b6488956b20100
43cbf59d8aa2a16a92fd67400
fb4ac79cf4d4fad899c000000
3ae7c9efe2bc445593de00000
48593dd64fe6f91093dd60000
b0a0e5a385ad3ade9c0000000
40e01513cd620fcf90a898000
5a5a31286994832095a5a3128
4b1d5054b46b6f85963aa0a80
64ac441fde10c10c9c441f000
d12f30afe5561a119615e0000
a34eded14a75c1c4934eded10
cf0180c50ed2725b928000000
0efca783e1eacac69bf29e0c0
48f2ca7f6b836fa99e594fe00
7e3cbceaf5c47f749cea00000
5bc7fc2387f339649bc7fc230
078d219d17062ed6967400000
7ad21c367a323a719386c0000
4ab714ac167b34249ab714ac0
0ed14f9a8861901e980000000
896c1c87a84459209896c1c87
58936d8911a8d518989000000
ddd5b2fa0c91fb4297756cbe8
7a86059fb8ea28329167c0000
650bd9ae4c8befc09650bd9ae
9b249293c673bd2099b249293
b2e37d0f36db32d890f000000
f61a98ddd34c174f94c6e8000
72545a8e1a8b5bca9516a3800
7fe545b8fa34ec0c9545b8000
598bb1c46d4778439cc5d8e20
bf770c753c77fe199ea000000
83f62402ee7dcf8b9b1201000
a0d399e04e54b49593c000000
fc6b9c4826dd827a920000000
9bb1bf6752b5fb679d8dfb380
e81c416e744c6974916e00000
83aff902bc0f15019075ff204
513b7d7aee36873b9d0000000
cab70ab8ad006c449ab70ab80
1443a4bf4849ced19497e0000
7f28ffc240b5e68a9a3ff0800
5c36049d958bd23b9e8000000
3bbaec78646dfdcd95d8f0000
b80d47a306b6ba2890d47a300
9166fdfc166e1f9f900000000
885f0937070d3bcd9e126e000
e4c5f0b9b10673e494c5f0b90
379e71ff38fea7b398ff80000
50827780a5053f2294209de00
3fb5a9422841a2cf9d4a10000
f138a7d8c7809583989c53ec0
675e4df22372a1a19cebc9be4
6e222ec6d8a45fbb930000000
a44ae1fa97166c6792570fd00
20af5bdb3fec52e19415eb7b6
e8d991da2a000f1b9d0000000
613a6b176e1ccab8917000000
7a5fdb81b540bcba904000000
3b8db8949a9008de900000000
a6fce7f01adef3659df9cfe00
9c5cb39ea28a35319673c0000
9d5eb25fea8ca04193abd64be
f16db3e71bced13493e700000
ea348b96f9a3978d99172c000
fc460df2f751a8cc960df2000
21d79d59c936e7ed9f3ab2000
2da6d2e5f3b6f3909d2e50000
039b7960db8b3a56958000000
1fb75da8f29835be900000000
7f2faa493a7ecc7c990000000
c02f80ba40693a439017c05d0
ba2ec9c2e280b29f900000000
3e7cbffa5438daf99f4000000
e31812d63e8e1ada958000000
21eed7bb67b50b2f96bdd8000
755448e90d5c9d2d9891d2000
a8d98f7965cb8b5098f790000
5d769e5d7c39ccb792e800000
e1bdc6418f8925cd9b8c82000
40b5e57f06facae996bcafe00
57f8a5fa893e165d940000000
feac18229637cb269ab060880
f3babf823072de2b9d5fc1000
b15d9f12dc2399939f8900000
585f1240dd2ca866917c49000
f4f8fbe21f2c94579f1000000
82bdd5ab6cb4c503915eead58
17f4ea397477ecb3951c80000
482df3f231ad538b96f9f9000
ebf76ebe6bdd22b795f000000
7cb5ad132e5fe9c097cb5ad13
d4798dd4c18a7742951e63750
5dd21a7291ba127e980000000
79c5e3be524fd94c95e3be000
7337ade01721f3d99c0000000
6cf5d8289cea3ded9bb050000
f2c9d3105feb16229cb274c40
0c1a1b5f16369a8c9a1b5f000
17d8cde6d60033509cde60000
181fd2f9647795ce9f4be4000
093743c32f8cf9189c3000000
2e37620704dbc6c49e3762070
32dca53923f039c29cb7294e4
3a0d38e71b618b45941a71ce0
b81b01b27ded14c4981b01b20
8f398a743bdd712b9cc53a000
493beeedf966fab49eed00000
0b7e9d0f8ce8f2bc9f0000000
52e6507a924ee8869b9941e80
21108e3e00c7a2f698f800000
c2eb612bdbffa001985d6c256
55075cfd9b7c14b2973f40000
a1b384269d6d0a35984c00000
da7f20c53cae22af990628000
5ca7cc4044c8d4109cc400000
c133771a94ed036d96ee34000
1744faac50a9c3cb927d56000
ad0128038038ec3a90c000000
98e5db9ff6a6977e9c0000000
730d61433f1c42e69c35850c0
550a6fdfda5ab1119dfbe0000
82fc72229eaf59b5944400000
d4ba4ab17fa3e3e494ba4ab10
3e36ed02626b9f7b910000000
f7573b8998672b0d9e7712000
5e505ca8f2e6109f900000000
a57871d98cf9845d920000000
b16f052b94e6ae8b978295800
5577770fce707e6c97770f000
a47d58fb3ab9668897d58fb00
355ff16ef7b54bd09f16e0000
a0ea7c1cb553bdce99f070000
5637f22849f63c18928000000
c9efa901561ada17980800000
e46f024adb465ed1904940000
e7bc9653aba883859f792ca60
e8d3fc857c113b289d3fc8500
19fa632da42f6d1a9b4000000
68410dec66c7571697b000000
6e22422ee3fd997698b800000
93265a743155be869c9969d00
74902dfd4bf14c8e90b7f4000
d4f407faf97f175497fa00000
3f92d321b8c224509d3210000
4f595d66d783f6f79b3000000
2dfc9d265762938092dfc9d26
d5c642948d4b7b62957190a50
0f7feb602e3038579b0000000
a9470712be7c14769c4800000
293558732d115c63949aac398
6e619605d6fd8e9b928000000
84292bf892d74a6b9495fc000
a37223bc7e002d15977800000
f9ce8b2ebba183a999d165c00
8b88f827874117b994e000000
46628a97aca850b49a9700000
3a291931fcc6a0829e8a464c4
b0ad2b37c513ff6a9b4acdc00
1b3e1c0de61902519381a0000
6e5ecb9b6bd2d086997b2e6c0
bda2dc64ab02cf1b920000000
dfdca9f27a60d1999e4000000
5a6164f7946c5f52993dc0000
a567a16135e71ec99cf42c200
5581a1d292fd52dd940000000
54d0e2e28e67f2b3917100000
cbcb08aee2ec4475915c00000
6d81cbd07d7c4b2696072f400
94f9d4c66947e26b9cea63000
1136d5f472219cef96afa0000
70c5f087a2478e019e18be10e
a944ec9978608d479a2764c80
d3b31f25710635b8925000000
9fe25d78104dee0c925d78000
62df2854aa6d3d9c940000000
4ac91c37b72dc8b791b800000
455a66dea5bb479496de00000
efabcb74de1f85249fabcb740
9993e27c5fc252709e27c0000
54df7f9fbe0814ee9dfe7c000
3c1d5c4a41ef25519b8940000
90e8be15e28236509be150000
95b7aeca273d5a489b7aeca00
83a49110f373f59f900000000
5d17250690ea7af194a0c0000
185632c0b85ad657960000000
6c7c746c7b16732a9f1d1b000
6b14132fd3e38b69928265e00
1c1c44097af4efc39e0e22048
988d7815e4524e1f980000000
ddafd3f190f4f022976bf4fc4
a0257c9c19da0ce19404af938
19e212c2af2c0aad942584000
2cc4c49d0e17b8f899d000000
c232fbc819621b22908cbef20
34bf6e4b87342eef9b7258000
39afdba1dd69a0cf9edd08000
761304eccc64db84961304ec0
0d6e92ec501b2270992ec0000
f43b156f248bbad39ab780000
c0e00efc4c982db797e000000
dbdb288bdf86cfb9916000000
742cf7b6c666bc4a9b3ded800
63a5a23a408f99de980000000
22fa0c7116eaef999e2000000
4982f9f68367bcf09f9f60000
793a3112dd6691729c4480000
e0f941c164298a6490f941c10
6dc2b519e208c5629b70ad464
ee84a36da866f843974251b68
ccd21ecd9ef9c1ed943d9a000
d5be15e0fb59ff6696f857800
d12c09efaf1f1a31913de0000
13ac7546b603e21e980000000
e8cd5098f6bc40419d19aa130
f23cdc227373be909dc220000
3022e953ba85b2ce9ba54c000
83c1459532004b099828b2a00
f64855cb4fb5123495cb00000
b9dd001b802d85239cee800d8
ac8ef2b9fd7563d795c800000
243efef1b0582aa4943efef10
36ff5173cab225a29dbfd45cc
9aaf338cace69f5f900000000
e13ad51126758a909d5110000
f47991f75dc3c73697dc00000
7defa8093c89ca419fbdf5012
71712b732c7ce07c930000000
3945fc9fc45406e19728bf93e
7d5a873fbf991c839ead439f8
0ac485eb90fced1e9c0000000
d95b2cef4e8c886a96cb3bc00
63b4b160ba28a26298ed2c580
abda6fa51c4d3b099b4df4a00
6e8cbb7c0070c7a19dd1976f8
5b2fe6b11d520ed3935880000
0188f891505bc338991000000
436c958e8b778c94958e00000
24b540caca159b5c9a0000000
06f7f0fdb360a40496f7f0fd0
3b94fd2de737310197729fa5a
7f2f6a6c4f65526f9b5360000
981983880b8a826b9cc1c4000
a26d0dc8a166581d900000000
92de400decf72695901a00000
23ee2fd7f75826349fd700000
5f2da1d3d0a1d3ba94c000000
6dee62996bd03f0b97314c800
13386915812cb15c950000000
022184920b4dd60e961248000
3a6cabd13a690ee699b2af440
0bd53ccdf0055e9d9a0000000
2a28cb17b025e28c98cb17000
0c16d817b64632bd9e0000000
557464c5c168d8b0964c50000
0f696afc87c691c79b4b57e00
0be8ca8941f3437292a240000
b6ba050493c361f4950400000
b8fc4eebc78721239c7e27758
d75ecfe03af973a39baf67f00
05dfa376f7de200b9fd1bb000
d0b51838908a9af690e000000
e7e297fc2933ac50997fc0000
63fe34988073e4b29d2600000
f6ac2e05fd12c5239b5617028
89b233a2be4bcce79d919d100
9632b9246db045bc940000000
52cf0a7d4182a5af9853e8000
cefda0fb1f0713299fb41f600
69475fd91134196b93afec800
282f7c0018ddfabc900000000
986908557b459993942a80000
83fbb46b50badc279fdda3580
5e3b71224fa086729c4880000
301c006245bf6a14906200000
cf3079f9437662a293cc1e7e4
32386c78acd831fd900000000
30f47aac8e8c2fde900000000
e84d6a10bd53672e95a840000
fc11947ec22b209e980000000
39c42845b8c32d8b921422800
1fed8ca11dc86c449fed8ca10
f1537456a6df454592a6e8ac0
2f5816eefbb3e1339b7700000
6150b7221d98250e92dc88000
2ff7e5611bc980999c2000000
f9a50b741e94ec9a9d0000000
9c453f3e8115d1969cf800000
331a9e97c08596af94f4b8000
f7a0b1369bd9e4bf900000000
7e29cac6ae0162da918000000
52d918e45ec9a2ae946390000
7c928770e65d1a639e4943b80
30ebc4cae28f920d978994000
7d50ba01d39444619faa17402
3e55c4e64f606a9c960000000
d245915313d65648945915300
26825682870ea46299a095a08
4beef13fc6026c469fbbc4fc0
e0affd21f6d6da8f9fe908000
4b4f2f6f3ff56cf092f6f0000
da9fa9074c380aae9ea41c000
ffb2e76d70a916219ff65ceda
b56e732689d23fe4956e73260
8ca606f5d564a2f3937a80000
bcc5e2a62250b7169a9800000
7857e27881f7f6c097857e278
69b0e64e44d26172999380000
a85b639bdb5cd019936000000
04366e3cb0b669a494366e3c0
4e2d7c3d321f9e9893d000000
0b7a0e6bd438899e9c0000000
aefff2363822450b9ff91b000
14b3b420bd692337910000000
78f94d9b5d4ef8629e3e5366c
97e0c873a704a9299c190e600
69388c16657dddd3960b00000
9a7e9280c20891c49a7e92800
e3bda30af15461109a30a0000
1df8155a76835cc79fc0aad00
60d32bf4c239e7b99e8000000
a93724cfdae4f55b978000000
ea07731f8d4831c990ee63e00
c51eb743ddde9326947add0c0
e627c0777506c07590ee00000
40bad1dc50963d2198175a3b8
12c74842522fe899984000000
5357ab00d5547e3f900000000
de084552ec68adbe980000000
51ba427ff119768a9e909fc00
9a4bb7377adf84f59e6e00000
092e101a482d5b8d9c2034000
7f1d2a274de96b58927000000
ad89beb0cc957fe99137d6000
4c1799c2e1a5c3a891799c200
d1d7f4363b011ca19a3afe86c
538b3dfb8bbc079a9ec000000
c1404201855c3f2c904201000
27eefe38cb1f99e393f77f1c0
148bf6997280e3fb9c8000000
c68b9dc15bf24ec99173b8200
4b9cd9c44c4e1809939b38800
0f4158efcadb6029982b1de00
b90537673e38253e9c0000000
746112f0ad1d619e900000000
32e903d522b9f86f981ea8000
b6302601a8de2a90926010000
252a36a3ba56efb7951800000
282a857ff2bae00791542bf80
309e767ba8446ba899e767b00
76caa81edc1bfe0d95503c000
36015d68c01909e59c02bad00
e716628f23c741309628f0000
3096de5c141b774c96de5c000
844cee340f03aab791a000000
0c2a8b77e031b81098b770000
9436a9861ec0ff7394c300000
153c3cc52f293efd9a0000000
aa5884e51920ce21954b109ca
3e2bf4e72753335599ce00000
f1e4bd53ac7d886a992f54c00
bdbfcb3f98f363ac9fcb3f000
5a03382f32078bc9906705e00
10dc2c5d6abcf4c294370b174
385d5e223fedb8fe980000000
d9641894694cdb7f900000000
cc8597a966febb1295ea40000
90227d292cfae20398113e948
7c9427d9ed24202d984fb2000
f43ebd4c2dc4f0b09bd4c0000
b662a062d4389e0a98a818800
6d6050358845dd88960503500
dfbbb86c13ce210997770d800
d5e53d95a0e1f5ae94f654000
7977eccbb74ce8c29e5dfb32c
6547ff7ee2be42539fbf00000
dd28ca933d2b75f292a4c0000
7bf70dca83fc3e979e5000000
b96ecec2259cc5ea9bb3b0800
c0317823036a0010978230000
4a6dd98e2a177b439536ecc70
fbf227cb376e4a879f913e580
d5b255a13c679c3c910000000
64036cf960280f73967c80000
a7093a3bda74dc939d1d80000
7601397715195b7a9dc000000
0687a50016bc24dd900000000
d468f33d5301bbc2951a3ccf4
1b25696a51295aff900000000
187ed1fca7026ae897ed1fc00
d0da5163a1d2f0cc9a5163000
9a81efff6107c409903dffe00
b6087b71bd67d7a79043db880
f87d04d7a9b014ee94135c000
e61f7ee7b67a0e26987dfb9c0
d388591000a1ffc19a710b220
eb7270f80829495c980000000
78a73871d93722b99e2000000
842eb0bd6e9926919617a0000
1d3b1072fbafa74a9ec41c800
a86016d726768b539b6b80000
64f164cfc7257707978b26780
524f76f66351ada6993ddbd80
8f8c8a3ae50bab0d991474000
e8586c441968a52f936220000
4e3915bd132ff80094e3915bd
4f7e3a2aa5b46557915000000
a3159ac0c3e1dfb5958000000
d5d5b11df2cecfac95b11d000
a2c17e345c97d2ef9bf1a0000
987d96831cd75aa1930fb2d06
bbfb79f6d103c38a9ede7d800
55982d1d9e5e36d891d000000
8e775bdec7edec499eeb7bc00
abdfc9ac04981cb499ac00000
e38fa2cd5c00355b968000000
ed30f95848a4f409961f2b000
dd8c35541d7e015b9a0000000
cdd90aa3e973196a9642a8c00
d06d82da324b171796d000000
36e04d06b0548f8a981341800
fbef5b570105700d9eb6ae000
fe7e2fae4b12b42b9f17d7000
ab114f3be089447893b000000
49e24f50021646d49f5000000
70d4d7677906523c970000000
04a9b571ceff7498971000000
18c559be2eeb8fa89c559be00
df026b4117a7cc4a909ad0400
4eb82d15e39eeca59d705a2a0
767e4cf1cbd2582b9f2678800
ed8cd4f5791868e49d8cd4f50
002f8a04f42cd66892f8a0400
9c9c09865aee8a3d9c0000000
59c4eb093afd70ba924000000
b9c6a36a31b60694936a00000
73fccdeece21dd12937b80000
fe6e845925e8dd07937422c80
c7024785ea8b33e8902478500
04acd43f413f2c5c9f0000000
b2ae5f08f64043b7984000000
2fcc28437396692092fcc2843
b728f8797989bea9951f0f200
6e6cbd9adec91c859cd97b340
36286cf3d437b66196c50d9e6
7829a14d41231909953429a00
6cd857146540b65c940000000
f9325ff79675950b992ffb800
90a444fefde6b953927f00000
820d61e3489ecdc09820d61e3
aa24a16f53b223ee9285bc000
a43572bb9f5537419486ae576
2c6eb8df7be7e16e9ae37c000
1c264bebd10f45ca9992fac00
260870bba559481e9c0000000
8fad35c1c15c3579982000000
a96029c535cf6b3998a000000
74b2b5f955acad789f9000000
2a26e048ea89cc52981200000
80c59ddd68d6229099ddd0000
10ca4121e7e5a28f920908000
2608dfbafd1d33bc9a0000000
a7ef61c069f4d9d89c0000000
4c57050a1cf9ef229315c1428
fb36ebccb85b51109ebcc0000
b8fbb13d515ee67694f400000
757ff7ea5bcb3d859affefd40
e820100da8342237906800000
13aeae85307142ef957428000
eadc81758553903e940000000
e43cdcae5c3592c893cdcae00
133e4841cf30a539982000000
ef7dd59b3b694ebc9b0000000
c1ded87fd99d37ba9fc000000
1dde7c2f7aaa32e69779f0bc0
65b4b9255008193d9a0000000
86bed01f4ef135bd9e0000000
f3e0a7c98b3ffad497c900000
616775f257372a119ebe40000
dffee0aff7fd1d8b9f7057800
99ab745a7a256334945a00000
a50cecc4e62e0fe59a19d9880
379be1ca7c94cc029de6f8728
ec89fc8c158e98749c8c00000
e38a0e1387aca28f907098000
b393d6fb13a3de9295bec0000
f7a9f25337aa830497a9f2530
09427078667ab0cc927078000
a37f663327c8e75b998000000
d6719ef182553b409d6719ef1
a26a10e276ad4681944d421c4
04648e8ee1f6d54b924747000
c534fa9ce0a1c199938000000
ef9d00558ceab17590aa00000
58f88ffb4c2c0e80958f88ffb
99a2201cc6762df891c000000
28e8a6ba531abb5c9a0000000
03388e9ecde6beb098e9e0000
7e934fd4bcf977bc940000000
9566e0edfed0fb12983b40000
f724eccd36e6bc4c94eccd000
4ee8e7fdc7a15dcf973fe8000
593617374d516bbd9e0000000
ee007823dbdf757f980000000
9705b44a017f129f900000000
81b35cdad035831599b400000
8f10890797bbf794990700000
76f7b9672c9f036b9bdcb3800
445c696c3e9c63a895c696c00
bd8ca184329f96d1943080000
a0e1e5d58328aae2983879754
7ffe8eb319f26ce19fffd1d66
6d6ce82dd6de45bc9d0000000
3f4d2b17a7f6b8659e9a562e0
af83bb077ff27eef9dd838000
267203a5f24c98189a5000000
9b591b3c808299b296cf00000
cf9d92b58adde30293e764ad4
2923d2e88e32c48092923d2e8
8e5a4f6ad1b2a7a49e5a4f6a0
f3ba7624cb4cfdb0976240000
a5b96ec7931aea129bb1c0000
b9d61a83d6ff72bc930000000
93376ddfced0f4fa97c000000
40327daad81c1099954000000
accd5eb67c849acf9af5b0000
466347a0bb702f899c68f4000
d562fd853eb53fd29f6140000
94a9cf4f406e41c7954e7a780
603859d1e88d2d12967440000
d15206d89061a8199b0000000
b548b1c278582f8e92c708000
fe344737d82853fd9e0000000
e81b0e5a8ea329399b4000000
f2c4d5296ffe4849989aa5200
7800f8b63a041ddf900000000
2c110d2d112faf8092c110d2d
7a0e4e33fc6e30439d0727198
1aad0fc2713d254a9b43f0800
b1cdb8368e4a5f2e96e0d8000
cfe012250245fe2397f009128
ada19ac15e93894195b433582
856c3161e6b3860b9618b0800
c34d2c7cc430a0ad9a58f8000
cedc271c10a5bdd69c7000000
ec70d7336724d6699e1ae6600
7b9e0e53e1fff2639dcf07298
35a4d4ece2c9703a9b0000000
4fbe1ab42145b2a094fbe1ab4
1f283f1e354af43993c000000
e6b282d3603ade259d6505a60
ccd0436ec25f9a7f900000000
04abbd0610ca22359a0c00000
17e0f4b07b6c0b7692c000000
a40d17204fa6d630917200000
9e2bae2420abc3449e2bae240
d0dfa761f98d17bd920000000
b088a72d1392ba9194e5a0000
a8bceb4342ab3ed5968600000
2f3198fbbfa5d4af9cc7d8000
78344903fb4699e791a248180
f751a7250565b6e29dd469c94
4140de0ddce1e5449140de0d0
002e9eeb9a2d88e390174f758
b12c2802ec5f9ce1962585004
b1f57a7f3af0e1b49a7f00000
f5865b4a72c1ad419eb0cb694
f79eccbc5605e10899eccbc00
58e64a3fcc0219ff980000000
52b32749603b1ef9992000000
b36b2738296d271c980000000
1840b084f371275d980000000
024650d6e6883704924650d60
b7047f0e3e981cb7987000000
78d1534cbdbb03ec91534c000
6eeddc975057e9309dc970000
029687f3c9e0884992d0fe600
e1795cb820b5bb789b8000000
07a5658726f8fd1392c380000
c65ec89191bf8331991220000
726750d3ec23d3c99cea1a600
3e7295fca5eecd999f8000000
a54599270e2ccbe79a2cc9380
3b0ef9c119d3f996970400000
a6cae833cb153154983300000
232b653bbb60ffee9d94ec000
a870ab07f341dc829a1c2ac1c
7eeb1a98f8309de69bac6a600
20ac39c21e6d4d929e7080000
9c511155f3d8458792888aa80
9c8eb99f5319d3839e475ccf8
2ca75e389a17807d900000000
142d22832d664d24942d22830
16465dfe24d8ff879232eff00
453b3343c6a6b6b29cd0c0000
09bf5b673654eb82926fd6d9c
3358d6c55a62d6319ad8a0000
051a67a40dda1f009051a67a4
b589b659927dae1e940000000
32757ace5a07711999c000000
f52e942baccd2af4942b00000
e4be4119655aec1c990000000
3409c6cfa25311509c6cf0000
ec836a326b13aedf900000000
22bebf7f3d008de69afafdfc0
096213b98da9cf51927720000
38dd3b8da64e5e119771a0000
8841ddfd10823f849841ddfd0
2de5e7a5c1a684459bcbcf4a0
74790bebfa9e92c598f217d60
5ff0e705019f2c3299c140000
e4e65ea48c1455e2993997a90
cb0aba864ebb71ca92aea1800
effe9b8931f06431937120000
08e8160a23473ba1911d02c14
5c69c4bc534fa70e9712f0000
83b37b50c235d0259766f6a00
5f3abe4ed012b7b09be4e0000
6d8e3af4d28eebcd9c75e8000
4a1a5974e98e7526986965d00
285c9a8a4862ed1a928000000
14746fd5892d806b9a37ea800
5ff94277bb9eab1a9dc000000
c39dd0d9860c40ea977436400
6af3d5d51a060e4b99eaea800
e1ca38d05dbed1c298728e340
6840a48a48ef00fa928000000
d4f30999103bcbc599e613320
1b45a48471b0699a910000000
b52988e22e1b7797971000000
2cbc3816e9f74e74981600000
f1caf1fdbbf21fbc9d0000000
e1d48c6bce3bf8b3963580000
07888b5b255e82d292d6c0000
34131aa34497148e9c6a8c000
ec4993ae2902bfc9993275c00
a05499c5a339a8ec9499c5000
